I,1434622704343
*SPACE*,1434622704489
t,1434622704623
h,1434622704706
i,1434622704870
n,1434622705038
k,1434622705151
*SPACE*,1434622705278
w,1434622705398
e,1434622705574
*SPACE*,1434622705641
h,1434622705792
a,1434622705866
v,1434622705974
e,1434622706094
*SPACE*,1434622706182
t,1434622706334
o,1434622706494
*SPACE*,1434622706662
a,1434622706790
g,1434622706966
r,1434622707102
e,1434622707350
e,1434622707478
.,1434622707694
*ENTER*,1434622709335
A,1434622711966
l,1434622712110
s,1434622712230
o,1434622712313
*SPACE*,1434622712471
I,1434622712654
*SPACE*,1434622712790
t,1434622712934
h,1434622712999
i,1434622713134
n,1434622713254
k,1434622713366
*SPACE*,1434622713494
I,1434622713742
',1434622714158
v,1434622714494
e,1434622714622
*SPACE*,1434622714710
a,1434622714823
c,1434622715030
c,1434622715158
i,1434622715422
d,1434622715526
e,1434622715710
n,1434622715798
t,1434622715894
l,1434622716038
a,1434622716166
y,1434622716390
y,1434622716502
*SPACE*,1434622716646
f,1434622716910
i,1434622717094
l,1434622717302
l,1434622717397
i,1434622717566
e,1434622718070
*BS*,1434622718838
*BS*,1434622718997
*BS*,1434622719446
*BS*,1434622719613
e,1434622719854
d,1434622720086
*SPACE*,1434622720166
i,1434622720871
n,1434622721046
*SPACE*,1434622721190
t,1434622723390
h,1434622723478
i,1434622723638
s,1434622723718
*SPACE*,1434622723806
b,1434622724334
i,1434622724574
t,1434622724710
*SPACE*,1434622724958
b,1434622725518
e,1434622725686
f,1434622725894
o,1434622726046
r,1434622726182
e,1434622726310
*SPACE*,1434622726478
w,1434622726597
e,1434622726790
*SPACE*,1434622726886
t,1434622728782
a,1434622729006
l,1434622729092
k,1434622729254
e,1434622729358
d,1434622729518
*SPACE*,1434622729614
a,1434622729710
b,1434622729806
o,1434622729958
u,1434622730086
t,1434622730174
*SPACE*,1434622730278
i,1434622730430
t,1434622730510
.,1434622730790
*ENTER*,1434622731117
O,1434622738670
k,1434622738846
a,1434622739014
y,1434622739134
",",1434622739510
*SPACE*,1434622739654
I,1434622739902
*SPACE*,1434622740078
w,1434622740382
a,1434622740582
s,1434622740742
*SPACE*,1434622741590
w,1434622742366
o,1434622742494
n,1434622742686
d,1434622742878
e,1434622743062
r,1434622743161
i,1434622743238
n,1434622743350
g,1434622743446
*SPACE*,1434622743534
w,1434622743958
h,1434622744110
e,1434622744222
t,1434622744374
h,1434622744462
e,1434622744566
r,1434622744647
*SPACE*,1434622744758
t,1434622745134
h,1434622745230
e,1434622745358
y,1434622745430
*SPACE*,1434622745598
w,1434622745758
e,1434622745966
r,1434622746070
e,1434622746198
*SPACE*,1434622746249
s,1434622746503
u,1434622746702
*BS*,1434622747526
*BS*,1434622747621
*BS*,1434622747750
*BS*,1434622747797
*BS*,1434622747934
*BS*,1434622747997
*BS*,1434622748118
*BS*,1434622748189
*BS*,1434622748662
*BS*,1434622748709
*BS*,1434622748806
*BS*,1434622748869
*BS*,1434622748982
*BS*,1434622749053
*BS*,1434622749638
*BS*,1434622749693
*BS*,1434622749798
*BS*,1434622749853
*BS*,1434622749942
*BS*,1434622749997
*BS*,1434622750094
*BS*,1434622750152
*BS*,1434622750286
*BS*,1434622750341
i,1434622750958
t,1434622751150
*SPACE*,1434622751270
w,1434622751494
a,1434622751678
s,1434622751870
*SPACE*,1434622751910
b,1434622752135
e,1434622752230
s,1434622752390
t,1434622752590
*SPACE*,1434622752670
f,1434622752806
o,1434622752878
r,1434622752990
*SPACE*,1434622753070
t,1434622753166
h,1434622753278
e,1434622753374
m,1434622753534
*SPACE*,1434622753694
t,1434622753790
o,1434622753926
*SPACE*,1434622754190
g,1434622755878
o,1434622756005
*SPACE*,1434622756206
t,1434622756326
o,1434622756406
*SPACE*,1434622756542
t,1434622756605
h,1434622756734
e,1434622756800
*SPACE*,1434622756919
t,1434622757046
o,1434622757334
w,1434622757582
n,1434622757726
*SPACE*,1434622757878
o,1434622758110
r,1434622758262
*SPACE*,1434622758478
s,1434622758950
t,1434622759150
a,1434622759366
y,1434622759446
*SPACE*,1434622759622
s,1434622759750
o,1434622759886
m,1434622760006
e,1434622760072
w,1434622760326
h,1434622760486
e,1434622760574
r,1434622760686
e,1434622760806
*SPACE*,1434622760857
a,1434622760998
n,1434622761070
d,1434622761143
*SPACE*,1434622761246
k,1434622761750
e,1434622761902
e,1434622762046
p,1434622762134
*SPACE*,1434622762318
w,1434622762550
a,1434622762734
r,1434622762982
m,1434622763222
.,1434622764110
*SPACE*,1434622764558
I,1434622765526
*SPACE*,1434622765694
t,1434622765822
h,1434622765894
i,1434622766054
n,1434622766182
k,1434622766294
*SPACE*,1434622766438
y,1434622766582
o,1434622766654
u,1434622766790
*SPACE*,1434622766958
c,1434622767150
a,1434622767350
n,1434622767438
*SPACE*,1434622767574
u,1434622767814
s,1434622767910
e,1434622768102
*SPACE*,1434622768182
t,1434622768270
h,1434622768382
e,1434622768440
*SPACE*,1434622768550
w,1434622769190
i,1434622769614
r,1434622769694
e,1434622769830
*SPACE*,1434622769918
w,1434622770262
o,1434622770598
o,1434622770718
l,1434622770886
*SPACE*,1434622771046
a,1434622771158
n,1434622771233
d,1434622771334
*SPACE*,1434622771400
t,1434622771558
h,1434622771617
e,1434622771686
*SPACE*,1434622771766
k,1434622771926
l,1434622771929
i,1434622772094
*BS*,1434622773278
*BS*,1434622773389
*BS*,1434622773574
*BS*,1434622773669
*BS*,1434622773902
*BS*,1434622773981
l,1434622774630
i,1434622775030
g,1434622775342
h,1434622775478
t,1434622775614
e,1434622775742
r,1434622775832
*SPACE*,1434622775902
t,1434622776022
o,1434622776102
*SPACE*,1434622776254
m,1434622776462
a,1434622776542
k,1434622776646
e,1434622776766
*SPACE*,1434622776878
a,1434622776958
*SPACE*,1434622777025
f,1434622777310
i,1434622777534
r,1434622777647
e,1434622777762
.,1434622777950
*ENTER*,1434622778317
y,1434622872086
e,1434622872262
p,1434622872501
*SPACE*,1434622872685
h,1434622873070
e,1434622873197
r,1434622873341
e,1434622873440
*SPACE*,1434622873461
i,1434622873629
s,1434622873783
*SPACE*,1434622873893
a,1434622874005
*SPACE*,1434622874080
l,1434622874301
i,1434622874493
b,1434622874669
n,1434622874673
k,1434622874829
*BS*,1434622875557
*BS*,1434622875628
*BS*,1434622875725
*BS*,1434622875780
*BS*,1434622875878
*BS*,1434622875940
*BS*,1434622876053
*BS*,1434622876140
i,1434622878613
n,1434622878789
k,1434622878925
*SPACE*,1434622879061
t,1434622879201
h,1434622879269
a,1434622879413
t,1434622879637
*SPACE*,1434622879757
*BS*,1434622880485
*BS*,1434622880548
*BS*,1434622880646
*BS*,1434622880700
*BS*,1434622880789
*BS*,1434622880860
*BS*,1434622881277
*BS*,1434622881356
*BS*,1434622881461
*BS*,1434622881524
a,1434622882133
b,1434622882293
o,1434622882469
u,1434622882613
t,1434622882725
*SPACE*,1434622882805
i,1434622882957
t,1434622883054
.,1434622883380
*ENTER*,1434622883964
*ENTER*,1434622887764
W,1434622893494
e,1434622893757
l,1434622893925
l,1434622894037
*SPACE*,1434622894229
i,1434622895094
f,1434622895253
*SPACE*,1434622895341
t,1434622895437
h,1434622895551
e,1434622895601
y,1434622895709
*SPACE*,1434622895869
a,1434622895973
r,1434622896165
e,1434622896261
n,1434622897005
',1434622897573
*BS*,1434622898237
*BS*,1434622898300
',1434622898517
t,1434622898677
*SPACE*,1434622898789
g,1434622899005
o,1434622899133
i,1434622899301
n,1434622899429
g,1434622899487
*SPACE*,1434622899605
f,1434622899981
a,1434622900413
r,1434622900621
*SPACE*,1434622900701
t,1434622900789
h,1434622900917
e,1434622901014
n,1434622901181
*SPACE*,1434622901357
I,1434622901589
*SPACE*,1434622901748
g,1434622901949
u,1434622902109
e,1434622902229
s,1434622902429
s,1434622902541
*SPACE*,1434622902624
t,1434622902773
h,1434622902861
e,1434622902965
y,1434622903037
*SPACE*,1434622903205
c,1434622903430
a,1434622903629
n,1434622903725
*SPACE*,1434622903869
t,1434622904061
a,1434622904285
k,1434622904376
e,1434622904501
*SPACE*,1434622904597
a,1434622904917
s,1434622905205
*SPACE*,1434622905333
m,1434622905517
u,1434622905741
c,1434622905901
h,1434622906005
*SPACE*,1434622906181
s,1434622906349
t,1434622906573
u,1434622906741
f,1434622906957
f,1434622907069
*SPACE*,1434622907188
a,1434622907341
s,1434622907453
*SPACE*,1434622907541
t,1434622907685
h,1434622907781
e,1434622907869
y,1434622907944
*SPACE*,1434622908093
l,1434622908493
i,1434622908709
k,1434622908845
e,1434622908965
.,1434622909229
*ENTER*,1434622909596
y,1434622915613
e,1434622915870
p,1434622916085
*SPACE*,1434622916293
t,1434622916493
h,1434622916565
e,1434622916637
*SPACE*,1434622916741
a,1434622916925
x,1434622917349
e,1434622917565
*SPACE*,1434622917685
d,1434622917901
e,1434622918101
f,1434622919349
*SPACE*,1434622919694
f,1434622920917
o,1434622921028
r,1434622921112
*SPACE*,1434622921245
g,1434622922501
e,1434622922613
t,1434622922821
t,1434622922941
i,1434622923015
n,1434622923133
g,1434622923207
*SPACE*,1434622923301
w,1434622923549
o,1434622923805
o,1434622923901
d,1434622924125
*ENTER*,1434622924540
Y,1434622959045
e,1434622959316
p,1434622959613
.,1434622959869
*ENTER*,1434622961032
B,1434622967157
e,1434622967357
a,1434622967573
r,1434622967765
s,1434622967950
?,1434622968437
*ENTER*,1434622969228
Y,1434622990853
e,1434622991125
p,1434622991341
*SPACE*,1434622991597
f,1434622992525
o,1434622992661
r,1434622992732
*SPACE*,1434622992852
t,1434622992927
h,1434622993020
e,1434622993100
*SPACE*,1434622993197
*BS*,1434622993549
*BS*,1434622993612
*BS*,1434622993693
*BS*,1434622993755
*BS*,1434622993837
*BS*,1434622993900
*BS*,1434622993981
*BS*,1434622994051
*BS*,1434622994141
*BS*,1434622994219
*BS*,1434622994317
*BS*,1434622994371
*BS*,1434622994469
*BS*,1434622994507
*BS*,1434622994612
*BS*,1434622994652
t,1434622995389
o,1434622995516
*SPACE*,1434622995677
f,1434622995885
r,1434622996052
i,1434622996212
g,1434622996453
h,1434622996613
t,1434622996692
e,1434622996872
n,1434622996957
*SPACE*,1434622997117
b,1434622997325
e,1434622997420
a,1434622997613
r,1434622997813
s,1434622997972
.,1434623000301
*ENTER*,1434623000659
I,1434623007452
*SPACE*,1434623007620
g,1434623007860
u,1434623007988
e,1434623008117
s,1434623008316
s,1434623008436
*SPACE*,1434623008527
y,1434623008692
o,1434623008751
u,1434623008892
*SPACE*,1434623009076
c,1434623009372
a,1434623009557
n,1434623009644
*SPACE*,1434623009780
e,1434623009972
i,1434623010188
t,1434623010308
h,1434623010404
e,1434623010508
r,1434623010604
*SPACE*,1434623010684
e,1434623010941
a,1434623011237
t,1434623011540
*SPACE*,1434623011615
t,1434623011692
h,1434623011780
e,1434623011876
*SPACE*,1434623011956
b,1434623012124
u,1434623012356
t,1434623012556
t,1434623012684
e,1434623012812
r,1434623012917
*SPACE*,1434623012983
o,1434623013172
r,1434623013516
*SPACE*,1434623013604
s,1434623014053
m,1434623014461
e,1434623014564
a,1434623014749
r,1434623014948
*SPACE*,1434623015052
i,1434623015316
t,1434623015484
*SPACE*,1434623015588
o,1434623015829
n,1434623015996
*SPACE*,1434623016132
y,1434623016308
o,1434623016396
u,1434623016540
r,1434623016676
s,1434623016916
e,1434623017116
l,1434623017228
f,1434623017340
*SPACE*,1434623017460
t,1434623017732
o,1434623017836
*SPACE*,1434623018004
k,1434623018308
e,1434623018484
e,1434623018628
p,1434623018700
*SPACE*,1434623018884
w,1434623019205
a,1434623019404
r,1434623019660
m,1434623019804
/,1434623020228
*BS*,1434623020628
*BS*,1434623020683
.,1434623020884
*ENTER*,1434623022211
W,1434623042948
*BS*,1434623043548
*BS*,1434623043715
O,1434623045340
k,1434623045508
a,1434623045660
y,1434623045780
*SPACE*,1434623045932
l,1434623046284
e,1434623046420
a,1434623046588
v,1434623046717
e,1434623046820
*SPACE*,1434623046908
t,1434623046996
h,1434623047071
e,1434623047149
*SPACE*,1434623047236
b,1434623047380
u,1434623047572
t,1434623047732
t,1434623047860
e,1434623047989
r,1434623048094
*ENTER*,1434623048299
N,1434623055900
e,1434623056940
w,1434623057124
s,1434623057332
p,1434623057628
a,1434623057692
p,1434623057799
e,1434623057964
r,1434623058101
s,1434623058287
*SPACE*,1434623058356
g,1434623058597
o,1434623058790
o,1434623058901
d,1434623059011
*SPACE*,1434623059116
f,1434623059276
o,1434623059365
r,1434623059452
*SPACE*,1434623059564
s,1434623059933
t,1434623060140
a,1434623060350
r,1434623060564
t,1434623060748
i,1434623060852
n,1434623060956
g,1434623061039
*SPACE*,1434623061140
f,1434623061796
i,1434623061964
r,1434623062076
e,1434623062180
*SPACE*,1434623062532
a,1434623062684
n,1434623062759
d,1434623062868
*SPACE*,1434623062935
k,1434623063348
e,1434623063540
e,1434623063668
p,1434623063727
i,1434623063924
n,1434623064044
g,1434623064124
*SPACE*,1434623064212
w,1434623064468
a,1434623064660
r,1434623064852
m,1434623064956
*ENTER*,1434623065419
s,1434623090805
h,1434623090916
a,1434623091020
l,1434623091152
*BS*,1434623092596
*BS*,1434623092643
*BS*,1434623092724
*BS*,1434623092787
*BS*,1434623092868
*BS*,1434623092923
*BS*,1434623093012
*BS*,1434623093059
s,1434623093812
o,1434623093972
r,1434623094156
r,1434623094284
y,1434623094412
*SPACE*,1434623094580
a,1434623094932
r,1434623095132
e,1434623095228
*SPACE*,1434623095303
m,1434623095492
e,1434623095612
s,1434623095900
s,1434623096036
a,1434623096220
g,1434623096311
e,1434623096452
s,1434623096620
*SPACE*,1434623096700
c,1434623096820
r,1434623096996
o,1434623097157
s,1434623097308
s,1434623097444
e,1434623097636
d,1434623097828
",",1434623097924
*SPACE*,1434623098060
s,1434623098492
h,1434623098588
o,1434623098772
u,1434623098980
l,1434623099156
d,1434623099236
*SPACE*,1434623099348
w,1434623099572
e,1434623099764
*SPACE*,1434623099844
l,1434623100036
e,1434623100103
a,1434623100297
v,1434623100413
e,1434623100516
*SPACE*,1434623100613
t,1434623100684
h,1434623100788
e,1434623100847
*SPACE*,1434623100948
b,1434623101100
u,1434623101292
t,1434623101444
t,1434623101572
e,1434623101700
r,1434623101804
?,1434623102164
*ENTER*,1434623102491
o,1434623126621
k,1434623126804
a,1434623126964
y,1434623127148
.,1434623127804
*ENTER*,1434623128762
W,1434623133804
e,1434623134036
*SPACE*,1434623134115
n,1434623134300
e,1434623134452
d,1434623134708
*SPACE*,1434623134820
t,1434623134972
h,1434623135038
e,1434623135132
*SPACE*,1434623135196
l,1434623135564
i,1434623135772
g,1434623136020
h,1434623136164
t,1434623136324
e,1434623136444
r,1434623136543
*SPACE*,1434623136683
t,1434623136980
h,1434623137084
o,1434623137267
u,1434623137460
g,1434623137603
h,1434623137708
*SPACE*,1434623138044
t,1434623138276
o,1434623138379
*SPACE*,1434623138516
l,1434623138651
i,1434623138852
g,1434623139084
h,1434623139228
t,1434623139331
*SPACE*,1434623139405
t,1434623139484
h,1434623139559
e,1434623139683
*SPACE*,1434623140004
s,1434623140139
t,1434623140339
e,1434623140588
e,1434623140707
l,1434623140766
*SPACE*,1434623140915
w,1434623141099
o,1434623141403
o,1434623141515
l,1434623141692
*ENTER*,1434623142195
O,1434623163428
k,1434623163619
a,1434623163812
y,1434623163956
*ENTER*,1434623167480
L,1434623172019
i,1434623172220
g,1434623172460
h,1434623172595
t,1434623172707
e,1434623172851
r,1434623172931
?,1434623173291
*ENTER*,1434623173578
a,1434623188053
f,1434623188324
*BS*,1434623188908
*BS*,1434623189026
g,1434623189132
r,1434623189308
e,1434623189556
e,1434623189692
d,1434623189860
*ENTER*,1434623190858
E,1434623202188
x,1434623202459
t,1434623202740
r,1434623202837
a,1434623203060
*SPACE*,1434623203211
c,1434623203516
l,1434623203683
o,1434623203852
t,1434623204012
h,1434623204180
s,1434623204491
*SPACE*,1434623204627
s,1434623207260
e,1434623207555
e,1434623207683
m,1434623207819
*SPACE*,1434623207995
u,1434623208323
s,1434623208443
e,1434623208635
f,1434623208795
u,1434623208979
l,1434623209563
*SPACE*,1434623210820
b,1434623214596
u,1434623214859
t,1434623215011
*SPACE*,1434623215156
p,1434623217100
r,1434623217291
o,1434623217427
v,1434623218420
i,1434623218619
d,1434623218947
i,1434623219022
n,1434623219259
g,1434623219355
*SPACE*,1434623219475
t,1434623219643
h,1434623219747
e,1434623219851
y,1434623220187
*SPACE*,1434623220412
n,1434623220415
h,1434623220643
*BS*,1434623222355
*BS*,1434623222410
*BS*,1434623222483
*BS*,1434623222562
h,1434623223316
a,1434623223435
v,1434623223555
e,1434623223675
*SPACE*,1434623223747
s,1434623223883
l,1434623224115
e,1434623224603
l,1434623224899
t,1434623225179
e,1434623225411
r,1434623225507
*BS*,1434623226307
*BS*,1434623226362
*BS*,1434623226459
*BS*,1434623226530
*BS*,1434623226611
*BS*,1434623226690
*BS*,1434623227179
*BS*,1434623227258
*BS*,1434623227363
*BS*,1434623227410
*BS*,1434623227515
*BS*,1434623227570
h,1434623228219
e,1434623228363
l,1434623228579
t,1434623228907
e,1434623229179
r,1434623229262
/,1434623230844
f,1434623231163
i,1434623231363
r,1434623231524
e,1434623231659
*SPACE*,1434623231835
a,1434623232075
n,1434623232182
d,1434623232267
*SPACE*,1434623232371
f,1434623232515
o,1434623232771
o,1434623232883
d,1434623232979
*SPACE*,1434623233107
m,1434623233491
a,1434623233732
y,1434623233907
b,1434623234179
e,1434623234571
*SPACE*,1434623234723
n,1434623235091
o,1434623235323
*SPACE*,1434623235499
e,1434623235707
s,1434623235939
s,1434623236059
e,1434623236251
n,1434623236347
t,1434623236475
i,1434623236667
a,1434623236811
l,1434623236955
.,1434623238595
*SPACE*,1434623239011
H,1434623239979
o,1434623240171
w,1434623240371
e,1434623240595
v,1434623240707
e,1434623240766
r,1434623240891
*SPACE*,1434623240987
i,1434623241251
f,1434623241427
*SPACE*,1434623241515
t,1434623241620
h,1434623241731
e,1434623241789
y,1434623241907
*SPACE*,1434623242075
a,1434623242203
r,1434623242387
e,1434623242491
n,1434623242627
',1434623243084
t,1434623243275
*SPACE*,1434623243355
g,1434623243556
o,1434623243651
i,1434623243811
n,1434623243923
g,1434623244011
*SPACE*,1434623244131
f,1434623244531
a,1434623244723
r,1434623244907
*SPACE*,1434623245019
w,1434623245420
h,1434623245539
y,1434623245684
*SPACE*,1434623245843
n,1434623246315
o,1434623246539
t,1434623246643
*SPACE*,1434623246731
t,1434623246875
a,1434623247091
k,1434623247179
e,1434623247323
*SPACE*,1434623247419
t,1434623247523
h,1434623247675
e,1434623247734
m,1434623247915
?,1434623248619
*ENTER*,1434623249034
o,1434623314829
k,1434623315020
a,1434623315154
y,1434623315323
*SPACE*,1434623315499
l,1434623315923
e,1434623316107
t,1434623316258
s,1434623316451
*SPACE*,1434623316555
b,1434623316741
r,1434623316843
i,1434623316994
n,1434623317138
g,1434623317211
*SPACE*,1434623317315
t,1434623317451
h,1434623317571
e,1434623317667
m,1434623317859
.,1434623318259
*ENTER*,1434623318890
C,1434623327467
a,1434623327747
n,1434623328011
v,1434623328811
a,1434623329043
s,1434623329234
*SPACE*,1434623329362
d,1434623329787
e,1434623329995
f,1434623332091
.,1434623332315
*SPACE*,1434623332474
T,1434623332859
h,1434623333027
e,1434623333162
y,1434623333222
*SPACE*,1434623333395
c,1434623333539
a,1434623333723
n,1434623333803
*SPACE*,1434623333963
m,1434623334251
a,1434623334394
k,1434623334435
e,1434623334611
*SPACE*,1434623334699
a,1434623334795
*SPACE*,1434623334860
t,1434623335467
e,1434623335651
n,1434623335763
t,1434623335858
*SPACE*,1434623338571
w,1434623338803
i,1434623338954
t,1434623339075
h,1434623339171
*SPACE*,1434623339379
l,1434623340219
o,1434623340370
g,1434623340771
s,1434623340971
*SPACE*,1434623341091
a,1434623341202
n,1434623341315
d,1434623341394
*SPACE*,1434623341507
s,1434623341810
t,1434623342091
*BS*,1434623343235
*BS*,1434623343322
*BS*,1434623343427
*BS*,1434623343481
*BS*,1434623343587
*BS*,1434623343645
*BS*,1434623343779
*BS*,1434623343826
*BS*,1434623344227
*BS*,1434623344281
*BS*,1434623344427
*BS*,1434623344482
*BS*,1434623344611
*BS*,1434623344665
*BS*,1434623344771
*BS*,1434623344825
*BS*,1434623344923
*BS*,1434623344970
*BS*,1434623345067
*BS*,1434623345114
*BS*,1434623345219
*BS*,1434623345274
i,1434623345970
t,1434623346219
.,1434623346499
,1434623348587
,1434623349028
,1434623349452
*SPACE*,1434623349891
I,1434623350594
*SPACE*,1434623350755
t,1434623350890
h,1434623350970
i,1434623351115
n,1434623351242
k,1434623351346
*ENTER*,1434623352034
W,1434623364042
h,1434623364219
i,1434623364443
s,1434623364659
k,1434623364851
y,1434623365171
*SPACE*,1434623365347
p,1434623365595
r,1434623365722
o,1434623365811
b,1434623366050
a,1434623366186
b,1434623366218
l,1434623366434
y,1434623366723
*SPACE*,1434623366923
a,1434623367098
*SPACE*,1434623367186
b,1434623367483
a,1434623367610
d,1434623367875
*SPACE*,1434623367986
i,1434623368499
d,1434623368658
e,1434623368826
a,1434623369034
*SPACE*,1434623369117
:,1434623369834
-,1434623370122
(,1434623370474
*ENTER*,1434623371721
A,1434623390266
l,1434623390399
t,1434623390642
h,1434623390701
o,1434623390858
u,1434623391042
g,1434623391194
h,1434623391306
*SPACE*,1434623391474
w,1434623391595
e,1434623391771
*SPACE*,1434623391866
a,1434623391963
r,1434623392171
e,1434623392258
*SPACE*,1434623392282
i,1434623392442
n,1434623392562
*SPACE*,1434623392706
S,1434623392907
c,1434623393106
o,1434623393226
t,1434623393370
l,1434623393546
a,1434623393698
n,1434623393842
d,1434623394146
.,1434623396026
.,1434623396194
.,1434623396338
*BS*,1434623398619
*BS*,1434623399118
*BS*,1434623399151
*BS*,1434623399184
*BS*,1434623399217
*BS*,1434623399250
*BS*,1434623399286
*BS*,1434623399316
*BS*,1434623399349
*BS*,1434623399383
*BS*,1434623399416
*BS*,1434623399449
*BS*,1434623399481
*BS*,1434623399514
*BS*,1434623399548
*BS*,1434623399581
*BS*,1434623399613
*BS*,1434623399647
*BS*,1434623399680
*BS*,1434623399713
*BS*,1434623399748
*BS*,1434623399781
*BS*,1434623399814
*BS*,1434623399847
*BS*,1434623399881
*BS*,1434623399914
*BS*,1434623399948
*BS*,1434623399981
*BS*,1434623399985
*BS*,1434623400242
*BS*,1434623400305
*BS*,1434623400410
*BS*,1434623400465
S,1434623401170
o,1434623401402
r,1434623401602
r,1434623401714
y,1434623401850
.,1434623402322
*SPACE*,1434623402498
H,1434623402874
m,1434623403114
m,1434623403210
*SPACE*,1434623403338
t,1434623403538
h,1434623403634
e,1434623403659
*SPACE*,1434623403810
m,1434623403983
a,1434623404074
p,1434623404426
.,1434623404666
*SPACE*,1434623404866
W,1434623408458
e,1434623408682
l,1434623408834
l,1434623408922
*SPACE*,1434623409090
a,1434623409178
s,1434623409378
*SPACE*,1434623409461
t,1434623409578
h,1434623409692
e,1434623409722
y,1434623409842
*SPACE*,1434623410018
a,1434623410258
r,1434623410466
e,1434623410554
*SPACE*,1434623410629
j,1434623411026
u,1434623411186
s,1434623411322
t,1434623411538
*SPACE*,1434623411602
g,1434623411978
o,1434623412083
i,1434623412242
n,1434623412309
g,1434623412402
*SPACE*,1434623412490
t,1434623412595
o,1434623412747
*SPACE*,1434623412914
g,1434623413371
o,1434623413483
*SPACE*,1434623413642
s,1434623413778
o,1434623413866
m,1434623413978
e,1434623414044
w,1434623414322
h,1434623414474
e,1434623414570
r,1434623414692
e,1434623414786
*SPACE*,1434623414853
n,1434623415146
e,1434623415242
a,1434623415442
r,1434623415618
*SPACE*,1434623415714
a,1434623415818
n,1434623415901
d,1434623415970
*SPACE*,1434623416066
s,1434623416202
t,1434623416402
a,1434623416610
y,1434623416698
*SPACE*,1434623416842
p,1434623417258
u,1434623417538
t,1434623417690
*SPACE*,1434623417787
I,1434623418090
*SPACE*,1434623418274
s,1434623418570
u,1434623418730
p,1434623418978
p,1434623419098
o,1434623419283
s,1434623419355
e,1434623419618
*SPACE*,1434623420915
t,1434623421131
h,1434623421242
e,1434623421310
y,1434623421410
*SPACE*,1434623421571
d,1434623422026
o,1434623422146
n,1434623422306
',1434623422770
t,1434623422932
*SPACE*,1434623423026
n,1434623423266
e,1434623423402
e,1434623423522
d,1434623423683
*SPACE*,1434623423749
i,1434623423898
t,1434623423986
.,1434623424275
*ENTER*,1434623425825
H,1434623480930
m,1434623481170
m,1434623481266
",",1434623481442
*SPACE*,1434623481586
I,1434623481834
*SPACE*,1434623481970
t,1434623482138
h,1434623482197
i,1434623482354
n,1434623482506
k,1434623482618
*SPACE*,1434623482754
y,1434623482914
o,1434623482994
u,1434623483138
r,1434623483298
*SPACE*,1434623483434
l,1434623483626
i,1434623483826
s,1434623483970
t,1434623484178
*SPACE*,1434623484274
m,1434623484458
i,1434623484626
g,1434623484810
h,1434623484922
t,1434623485010
*SPACE*,1434623485138
b,1434623485314
e,1434623485458
*SPACE*,1434623485562
i,1434623485954
n,1434623486258
*SPACE*,1434623486434
a,1434623486570
*SPACE*,1434623486626
d,1434623486874
i,1434623487026
f,1434623487154
f,1434623487282
e,1434623487482
r,1434623487586
e,1434623487698
n,1434623487730
t,1434623487842
*SPACE*,1434623487914
o,1434623488114
r,1434623488241
d,1434623488466
e,1434623488658
r,1434623488778
*SPACE*,1434623488866
t,1434623488994
o,1434623489114
*SPACE*,1434623489282
m,1434623489490
i,1434623489673
n,1434623489826
d,1434623490170
*SPACE*,1434623490442
*BS*,1434623493618
*BS*,1434623493665
*BS*,1434623493770
*BS*,1434623493825
e,1434623494810
.,1434623495386
.,1434623495522
.,1434623495650
*ENTER*,1434623498065
C,1434623504914
o,1434623505090
m,1434623505202
[,1434623505362
a,1434623505498
*BS*,1434623506426
*BS*,1434623506513
*BS*,1434623506602
*BS*,1434623506657
*BS*,1434623506770
*BS*,1434623506817
m,1434623509306
p,1434623509994
a,1434623510162
s,1434623510377
s,1434623510506
*SPACE*,1434623510585
i,1434623510826
s,1434623510930
*SPACE*,1434623511042
l,1434623511674
i,1434623511906
k,1434623512050
e,1434623512137
*SPACE*,1434623512212
t,1434623512297
h,1434623512402
a,1434623512545
*SPACE*,1434623512578
m,1434623512858
a,1434623512985
p,1434623513137
*SPACE*,1434623514450
s,1434623515258
o,1434623515393
*SPACE*,1434623515602
w,1434623516162
i,1434623516274
t,1434623516394
h,1434623516451
o,1434623516602
u,1434623516721
t,1434623516834
*SPACE*,1434623516930
t,1434623517002
h,1434623517090
e,1434623517161
*SPACE*,1434623517258
m,1434623517410
a,1434623517522
p,1434623517665
*SPACE*,1434623517858
m,1434623518234
i,1434623518402
g,1434623518586
h,1434623518698
t,1434623518738
*SPACE*,1434623518881
a,1434623519066
s,1434623519185
*SPACE*,1434623519290
w,1434623519409
e,1434623519516
l,1434623519690
l,1434623519785
*SPACE*,1434623519922
l,1434623520034
e,1434623520177
a,1434623520378
v,1434623520473
e,1434623520609
*SPACE*,1434623520681
t,1434623520778
h,1434623520865
e,1434623520940
*SPACE*,1434623521041
c,1434623521306
o,1434623521417
m,1434623521545
p,1434623521681
a,1434623521794
s,1434623522266
s,1434623522418
*ENTER*,1434623523058
A,1434623548849
r,1434623549114
e,1434623549225
*SPACE*,1434623549321
y,1434623549433
o,1434623549521
u,1434623549674
*SPACE*,1434623549849
s,1434623550001
t,1434623550225
i,1434623550426
l,1434623550626
l,1434623550729
*SPACE*,1434623550857
t,1434623551402
h,1434623551505
e,1434623551585
r,1434623551684
e,1434623551777
?,1434623552714
*ENTER*,1434623553344
I,1434623557977
*SPACE*,1434623558314
*BS*,1434623564499
*BS*,1434623564584
*BS*,1434623564690
*BS*,1434623564792
S,1434623583690
o,1434623583805
*SPACE*,1434623583993
s,1434623584177
h,1434623584322
a,1434623584409
l,1434623584617
l,1434623584721
*SPACE*,1434623584857
w,1434623584963
e,1434623585161
*SPACE*,1434623585228
l,1434623585393
e,1434623585484
a,1434623585665
v,1434623585801
e,1434623585897
*SPACE*,1434623585985
t,1434623586081
h,1434623586161
e,1434623586220
*SPACE*,1434623586321
c,1434623586510
o,1434623586633
m,1434623586745
p,1434623586897
a,1434623587025
s,1434623587353
s,1434623587489
?,1434623587809
*ENTER*,1434623588248
A,1434623650425
t,1434623650713
*SPACE*,1434623650772
l,1434623650977
e,1434623651089
a,1434623651297
s,1434623651481
t,1434623651697
*SPACE*,1434623651756
t,1434623651841
h,1434623651969
n,1434623651985
e,1434623652089
y,1434623652164
*BS*,1434623653185
*BS*,1434623653232
*BS*,1434623653337
*BS*,1434623653392
*BS*,1434623653481
*BS*,1434623653553
*BS*,1434623653649
*BS*,1434623653704
h,1434623654513
e,1434623654705
y,1434623654825
*SPACE*,1434623654969
w,1434623655129
i,1434623655361
l,1434623655569
l,1434623655681
*SPACE*,1434623655817
n,1434623656009
o,1434623656209
*SPACE*,1434623657497
w,1434623661049
h,1434623661148
i,1434623661305
c,1434623661433
h,1434623661529
*SPACE*,1434623661697
d,1434623662001
i,1434623662153
r,1434623662273
e,1434623662369
c,1434623662609
t,1434623662841
i,1434623662929
o,1434623663017
n,1434623663185
*SPACE*,1434623663321
t,1434623663417
h,1434623663513
e,1434623663601
y,1434623663713
*SPACE*,1434623663873
a,1434623663985
r,1434623664185
e,1434623664289
*BS*,1434623664881
*BS*,1434623664952
*BS*,1434623665057
*BS*,1434623665112
*BS*,1434623665265
*BS*,1434623665328
h,1434623666153
a,1434623666265
v,1434623666364
e,1434623666489
*SPACE*,1434623666556
g,1434623666865
o,1434623667097
n,1434623667281
e,1434623667409
*SPACE*,1434623667476
i,1434623667737
n,1434623668137
.,1434623669521
*SPACE*,1434623669865
L,1434623671369
e,1434623671553
t,1434623671665
s,1434623671865
*SPACE*,1434623671945
t,1434623672105
a,1434623672321
k,1434623672411
e,1434623672545
*SPACE*,1434623672617
i,1434623672801
t,1434623672897
*SPACE*,1434623672993
t,1434623673105
h,1434623673171
e,1434623673313
n,1434623673401
.,1434623673809
*ENTER*,1434623674152
A,1434623701544
n,1434623701667
d,1434623701809
*SPACE*,1434623701897
I,1434623704320
*SPACE*,1434623706593
d,1434623706801
e,1434623707009
f,1434623707168
*SPACE*,1434623707329
*BS*,1434623708953
*BS*,1434623708992
*BS*,1434623709097
*BS*,1434623709144
*BS*,1434623709248
*BS*,1434623709304
*BS*,1434623709409
*BS*,1434623709464
*BS*,1434623710193
*BS*,1434623710240
*BS*,1434623710353
*BS*,1434623710400
*BS*,1434623710488
*BS*,1434623710543
*BS*,1434623710641
*BS*,1434623710687
*BS*,1434623710784
*BS*,1434623710820
*BS*,1434623710913
*BS*,1434623710952
I,1434623717192
*SPACE*,1434623717393
t,1434623717825
h,1434623717896
i,1434623718064
n,1434623718225
k,1434623718449
*SPACE*,1434623718624
t,1434623718760
h,1434623718873
e,1434623719905
*SPACE*,1434623720040
c,1434623720697
h,1434623720896
o,1434623721193
c,1434623721328
o,1434623722337
l,1434623722504
a,1434623722624
t,1434623722853
e,1434623722968
*SPACE*,1434623723009
i,1434623723168
s,1434623723289
*SPACE*,1434623723384
a,1434623723472
*SPACE*,1434623723539
g,1434623723737
o,1434623723937
o,1434623724049
d,1434623724120
*SPACE*,1434623724241
i,1434623724489
d,1434623724625
e,1434623724793
a,1434623725009
.,1434623725225
*SPACE*,1434623726465
F,1434623735360
i,1434623735953
r,1434623736184
e,1434623736264
",",1434623736745
*SPACE*,1434623736872
s,1434623737048
h,1434623737192
e,1434623737296
l,1434623737432
e,1434623737528
t,1434623737696
e,1434623737856
r,1434623737928
",",1434623738241
*SPACE*,1434623738376
c,1434623738865
h,1434623738976
o,1434623739241
c,1434623739360
o,1434623739456
l,1434623739649
a,1434623739760
t,1434623740952
e,1434623741096
",",1434623743729
*SPACE*,1434623743856
d,1434623744760
o,1434623744928
e,1434623745048
s,1434623746000
n,1434623746083
',1434623747049
t,1434623747296
*SPACE*,1434623747368
s,1434623747560
o,1434623747600
u,1434623747800
n,1434623747912
d,1434623748128
*SPACE*,1434623748232
s,1434623748489
o,1434623748584
*SPACE*,1434623748729
b,1434623749033
a,1434623749152
d,1434623749344
.,1434623749633
*ENTER*,1434623750023
O,1434623839033
k,1434623839216
a,1434623839376
y,1434623839528
*SPACE*,1434623839712
s,1434623839904
i,1434623840046
*BS*,1434623840816
*BS*,1434623840959
o,1434623841776
*SPACE*,1434623841937
t,1434623842080
h,1434623842147
a,1434623842296
t,1434623842504
s,1434623842656
*SPACE*,1434623842787
u,1434623843032
s,1434623843152
*SPACE*,1434623843240
d,1434623843512
o,1434623843680
n,1434623843848
e,1434623843944
.,1434623844272
*SPACE*,1434623844432
W,1434623844704
e,1434623844919
*SPACE*,1434623845048
a,1434623845168
r,1434623845376
*SPACE*,1434623845472
e,1434623845475
l,1434623845656
e,1434623845792
a,1434623846023
v,1434623846144
i,1434623846352
n,1434623846456
g,1434623846544
*SPACE*,1434623846640
b,1434623848168
u,1434623848360
t,1434623848536
t,1434623848664
e,1434623848816
r,1434623848944
",",1434623849252
*SPACE*,1434623849432
m,1434623850200
a,1434623850360
p,1434623850496
*SPACE*,1434623851021
a,1434623851160
n,1434623851249
d,1434623851352
*SPACE*,1434623851424
w,1434623851664
h,1434623851848
i,1434623852056
s,1434623852336
k,1434623852512
e,1434623852816
y,1434623852960
*SPACE*,1434623853136
a,1434623853203
n,1434623853320
d,1434623853387
*SPACE*,1434623853488
t,1434623853880
a,1434623854112
k,1434623854178
i,1434623854320
n,1434623854424
g,1434623854507
*SPACE*,1434623854600
e,1434623854944
v,1434623855032
e,1434623855112
r,1434623855200
y,1434623855352
t,1434623855592
h,1434623855648
i,1434623855792
n,1434623855880
g,1434623855931
*SPACE*,1434623856040
e,1434623856240
l,1434623856336
s,1434623856441
e,1434623856632
.,1434623857840
*SPACE*,1434623858120
A,1434623861496
g,1434623861920
r,1434623862112
e,1434623862328
e,1434623862448
d,1434623862607
?,1434623862960
,1434623871354
,1434623871853
,1434623871886
,1434623871919
,1434623871953
,1434623871986
,1434623872020
,1434623872052
,1434623872085
,1434623872125
,1434623872152
,1434623872186
,1434623872219
,1434623872252
,1434623872285
,1434623872318
,1434623872351
,1434623872384
,1434623872417
,1434623872450
,1434623872483
,1434623872516
,1434623872549
,1434623872582
,1434623872832
,1434623873020
,1434623873168
,1434623873320
,1434623873480
,1434623873632
,1434623874132
,1434623874165
,1434623874198
,1434623874231
,1434623874264
,1434623874297
,1434623874330
,1434623874363
,1434623874397
,1434623874429
,1434623874462
,1434623874494
,1434623874528
,1434623874561
,1434623874595
,1434623874628
,1434623874661
,1434623874694
,1434623874727
*ENTER*,1434623883286
H,1434623924743
m,1434623925015
m,1434623925111
",",1434623925295
*SPACE*,1434623925455
w,1434623925743
e,1434623925943
l,1434623926087
l,1434623926191
*SPACE*,1434623926335
I,1434623927631
',1434623928160
m,1434623928464
*SPACE*,1434623928615
e,1434623929208
s,1434623929408
p,1434623929599
e,1434623929703
c,1434623929911
i,1434623930079
a,1434623930191
l,1434623930319
l,1434623930415
y,1434623930663
*SPACE*,1434623930815
g,1434623931007
l,1434623931247
a,1434623931439
d,1434623931743
*SPACE*,1434623931871
g,1434623933120
i,1434623933287
v,1434623933535
e,1434623933671
n,1434623933738
*SPACE*,1434623933871
t,1434623933975
h,1434623934071
e,1434623934131
*SPACE*,1434623934247
e,1434623934431
x,1434623934639
p,1434623934767
e,1434623934903
r,1434623934986
e,1434623935137
i,1434623935202
n,1434623935337
c,1434623935484
e,1434623935623
*SPACE*,1434623935727
o,1434623935951
f,1434623936087
*SPACE*,1434623936167
t,1434623936295
h,1434623936375
e,1434623936469
*SPACE*,1434623936575
r,1434623937791
e,1434623937887
s,1434623938079
c,1434623938383
u,1434623938591
e,1434623938735
r,1434623938863
s,1434623939047
*SPACE*,1434623939159
w,1434623939343
i,1434623939463
t,1434623939575
h,1434623939655
*SPACE*,1434623939815
b,1434623940015
e,1434623940103
a,1434623940287
r,1434623940479
s,1434623940639
*SPACE*,1434623940751
a,1434623940855
n,1434623940930
d,1434623941002
*SPACE*,1434623941087
m,1434623941471
i,1434623941639
n,1434623941784
u,1434623941935
s,1434623942087
*SPACE*,1434623942287
4,1434623943256
0,1434623943487
!,1434623944487
*ENTER*,1434623945014
G,1434623968879
o,1434623969255
o,1434623969375
d,1434623969488
",",1434623969728
*SPACE*,1434623969863
t,1434623970015
h,1434623970103
a,1434623970265
n,1434623970343
k,1434623970495
s,1434623970607
.,1434623971119
*SPACE*,1434623971295
I,1434623972143
*SPACE*,1434623972311
w,1434623972463
i,1434623972599
l,1434623972807
l,1434623972895
*SPACE*,1434623973015
g,1434623973239
e,1434623973335
t,1434623973487
*SPACE*,1434623973575
o,1434623973791
n,1434623973943
*SPACE*,1434623974087
w,1434623974311
i,1434623974431
t,1434623974583
h,1434623974615
*SPACE*,1434623974799
t,1434623974871
h,1434623974959
e,1434623975039
*SPACE*,1434623975111
l,1434623975303
a,1434623975431
s,1434623975639
t,1434623975807
*SPACE*,1434623975879
b,1434623976143
i,1434623976359
t,1434623976503
*SPACE*,1434623976607
t,1434623976719
h,1434623976831
e,1434623976935
n,1434623977047
",",1434623977607
*SPACE*,1434623979311
b,1434623979527
y,1434623979719
e,1434623980167
.,1434623980479
*ENTER*,1434623981030
