o,1434358868581
k,1434358868639
!,1434358869228
*SPACE*,1434358869577
l,1434358869802
e,1434358869944
t,1434358870009
s,1434358870229
*SPACE*,1434358870351
g,1434358870444
e,1434358870572
t,1434358870625
*SPACE*,1434358870716
s,1434358870835
t,1434358871064
a,1434358871233
r,1434358871291
t,1434358871441
e,1434358871511
d,1434358871713
.,1434358871841
*SPACE*,1434358871949
d,1434358872632
o,1434358872727
*SPACE*,1434358872829
w,1434358873033
e,1434358873098
*SPACE*,1434358873197
n,1434358873387
e,1434358873465
e,1434358873610
d,1434358873782
*SPACE*,1434358873865
t,1434358874065
h,1434358874586
e,1434358874741
w,1434358875189
o,1434358875291
o,1434358875436
*BS*,1434358875904
*BS*,1434358875986
*BS*,1434358876061
*BS*,1434358876149
*BS*,1434358876447
*BS*,1434358876530
*SPACE*,1434358876814
s,1434358876908
t,1434358877105
e,1434358877200
e,1434358877379
l,1434358877473
*SPACE*,1434358877646
w,1434358877700
o,1434358877835
o,1434358877983
l,1434358878191
?,1434358878546
*ENTER*,1434358879100
I,1434358924358
*SPACE*,1434358924498
d,1434358924681
*BS*,1434358925133
*BS*,1434358925259
t,1434358925355
h,1434358925421
i,1434358925464
n,1434358925547
k,1434358925681
*SPACE*,1434358925803
I,1434358926011
*SPACE*,1434358926108
p,1434358926297
u,1434358926403
t,1434358926647
*SPACE*,1434358926906
t,1434358927398
h,1434358927529
a,1434358927545
t,1434358927681
*SPACE*,1434358927792
w,1434358927877
e,1434358927953
*SPACE*,1434358928040
s,1434358929097
h,1434358929202
o,1434358929346
u,1434358929442
l,1434358929544
d,1434358929613
n,1434358929795
t,1434358929918
*SPACE*,1434358929978
t,1434358930122
a,1434358930268
k,1434358930321
e,1434358930485
*SPACE*,1434358930581
i,1434358930639
t,1434358930747
*SPACE*,1434358930865
a,1434358930983
s,1434358931052
*SPACE*,1434358931171
I,1434358931361
*SPACE*,1434358931442
c,1434358931532
a,1434358931600
n,1434358931675
t,1434358931832
*SPACE*,1434358931930
t,1434358932111
h,1434358932238
i,1434358932287
n,1434358932380
k,1434358932513
*SPACE*,1434358932647
w,1434358932819
h,1434358932973
a,1434358933042
t,1434358933155
*SPACE*,1434358933274
s,1434358933382
u,1434358933533
r,1434358933606
v,1434358933811
i,1434358933900
v,1434358934025
a,1434358934213
l,1434358934260
*SPACE*,1434358934441
u,1434358934619
s,1434358934685
e,1434358934876
s,1434358935120
*SPACE*,1434358935186
i,1434358935285
t,1434358935414
*SPACE*,1434358935502
m,1434358935667
i,1434358935740
g,1434358935844
h,1434358935940
t,1434358936015
*SPACE*,1434358936192
h,1434358936371
a,1434358936451
s,1434358936544
v,1434358936606
e,1434358936681
.,1434358936824
*BS*,1434358937469
*BS*,1434358937571
*BS*,1434358937621
*BS*,1434358937698
*BS*,1434358937774
*BS*,1434358937868
*BS*,1434358937920
*BS*,1434358937999
v,1434358938117
e,1434358938239
*ENTER*,1434358938876
i,1434358939329
t,1434358939479
s,1434358939766
*SPACE*,1434358939868
n,1434358940006
o,1434358940070
t,1434358940130
*SPACE*,1434358940278
f,1434358940419
o,1434358940537
r,1434358940637
*SPACE*,1434358940835
f,1434358940993
i,1434358941086
r,1434358941163
e,1434358941237
*SPACE*,1434358941505
l,1434358941699
i,1434358941779
g,1434358941874
h,1434358942022
t,1434358942039
i,1434358942212
n,1434358942309
g,1434358942377
*SPACE*,1434358942950
a,1434358942998
n,1434358943134
d,1434358943229
*SPACE*,1434358943359
i,1434358943527
s,1434358943639
n,1434358943887
t,1434358943976
*SPACE*,1434358944935
h,1434358945202
e,1434358945355
l,1434358945542
p,1434358945644
*SPACE*,1434358945917
a,1434358945981
g,1434358946118
a,1434358946280
i,1434358946381
n,1434358946467
s,1434358946564
t,1434358946735
*SPACE*,1434358946784
t,1434358947500
h,1434358947611
e,1434358947972
*SPACE*,1434358948191
w,1434358948313
e,1434358948374
a,1434358948563
t,1434358948672
h,1434358948752
e,1434358948832
r,1434358948910
*ENTER*,1434358949162
s,1434358949774
h,1434358949896
a,1434358950035
l,1434358950217
l,1434358950940
*SPACE*,1434358951228
w,1434358951358
e,1434358951422
*SPACE*,1434358951550
p,1434358951803
u,1434358951874
t,1434358952032
*SPACE*,1434358952173
n,1434358952403
o,1434358952494
*SPACE*,1434358952772
t,1434358952924
h,1434358953008
e,1434358953136
n,1434358953213
?,1434358953532
*ENTER*,1434358953997
o,1434358972729
k,1434358972790
*ENTER*,1434358973476
s,1434358976145
o,1434358976311
*SPACE*,1434358976533
a,1434358976604
g,1434358976772
r,1434358977082
e,1434358977184
e,1434358977335
d,1434358977523
*SPACE*,1434358977611
n,1434358977833
o,1434358977936
t,1434358978109
*BS*,1434358978576
*BS*,1434358978685
*SPACE*,1434358978838
o,1434358979066
n,1434358979146
*SPACE*,1434358979307
t,1434358979403
h,1434358979519
a,1434358979601
t,1434358979737
*SPACE*,1434358979874
o,1434358980052
n,1434358980166
e,1434358980428
.,1434358982746
*SPACE*,1434358983083
y,1434358983476
e,1434358983819
s,1434358984134
*BS*,1434358985438
*BS*,1434358985766
*BS*,1434358985804
*BS*,1434358985904
*BS*,1434358986002
*BS*,1434358986080
*BS*,1434358986142
*BS*,1434358986226
*BS*,1434358986314
*BS*,1434358986386
",",1434358987047
*SPACE*,1434358987331
y,1434358987502
e,1434358987679
e,1434358987878
.,1434358988007
*BS*,1434358988945
*BS*,1434358989045
*BS*,1434358989133
*BS*,1434358989214
s,1434358989711
.,1434358989762
*ENTER*,1434358990403
o,1434358997740
n,1434358997806
t,1434358998730
o,1434358998951
*SPACE*,1434358999133
t,1434358999284
h,1434358999397
e,1434358999867
*SPACE*,1434359000024
a,1434359000180
x,1434359000517
e,1434359000774
*ENTER*,1434359002345
y,1434359059918
e,1434359060118
s,1434359060191
",",1434359060384
*SPACE*,1434359060545
i,1434359060718
*SPACE*,1434359060819
t,1434359060906
h,1434359060986
i,1434359061022
n,1434359061105
k,1434359061197
*SPACE*,1434359061315
i,1434359061404
t,1434359061461
*SPACE*,1434359061535
w,1434359061676
o,1434359061756
u,1434359061831
l,1434359061946
d,1434359061995
*SPACE*,1434359062112
b,1434359062254
e,1434359062313
*SPACE*,1434359062408
n,1434359062656
e,1434359062700
c,1434359062805
e,1434359062995
s,1434359063170
s,1434359063357
a,1434359063564
r,1434359063625
y,1434359063832
*SPACE*,1434359063972
t,1434359064996
o,1434359065153
*SPACE*,1434359065379
g,1434359065569
e,1434359065700
t,1434359065768
*SPACE*,1434359065881
f,1434359066111
i,1434359066175
r,1434359066277
e,1434359066336
*SPACE*,1434359066460
w,1434359066587
o,1434359066673
o,1434359066800
d,1434359067157
*ENTER*,1434359068204
a,1434359068824
n,1434359068940
d,1434359069056
*SPACE*,1434359069116
i,1434359069186
t,1434359069282
s,1434359069463
*SPACE*,1434359069538
o,1434359069709
n,1434359069802
l,1434359069911
y,1434359070008
*SPACE*,1434359070109
x,1434359070287
m,1434359070400
a,1434359070481
l,1434359070576
l,1434359070706
*SPACE*,1434359070887
s,1434359070972
o,1434359071047
*SPACE*,1434359071111
n,1434359071292
o,1434359071366
t,1434359071430
*SPACE*,1434359071531
t,1434359071674
o,1434359071760
o,1434359071888
*SPACE*,1434359072003
h,1434359072160
e,1434359072231
a,1434359072381
v,1434359072485
y,1434359072576
*ENTER*,1434359073553
s,1434359076967
o,1434359077036
*SPACE*,1434359077237
a,1434359077294
g,1434359077484
r,1434359077683
e,1434359077821
e,1434359077968
d,1434359078206
*SPACE*,1434359078255
y,1434359078389
e,1434359078570
s,1434359078743
*ENTER*,1434359079324
o,1434359107398
k,1434359107481
*SPACE*,1434359108732
g,1434359108871
o,1434359108963
o,1434359109093
d,1434359109188
*ENTER*,1434359109572
n,1434359114195
o,1434359114285
w,1434359114436
*SPACE*,1434359114531
t,1434359114678
h,1434359114737
e,1434359114868
*SPACE*,1434359114915
p,1434359115125
i,1434359115268
s,1434359115597
t,1434359115795
o,1434359115869
l,1434359116065
*ENTER*,1434359116902
i,1434359144689
*SPACE*,1434359144871
t,1434359145024
h,1434359145110
i,1434359145161
n,1434359145218
k,1434359145365
*SPACE*,1434359145466
i,1434359145568
t,1434359146014
*SPACE*,1434359146136
w,1434359146280
o,1434359146376
u,1434359146449
l,1434359146589
d,1434359146646
*SPACE*,1434359146778
b,1434359146915
e,1434359146996
*SPACE*,1434359147096
n,1434359147202
e,1434359147271
c,1434359147345
e,1434359147488
s,1434359147666
s,1434359147790
a,1434359147934
r,1434359148025
y,1434359148196
*SPACE*,1434359148271
t,1434359148393
o,1434359148452
*SPACE*,1434359148549
s,1434359148621
c,1434359148723
a,1434359148865
r,1434359148930
e,1434359148988
*SPACE*,1434359149115
a,1434359149228
w,1434359149342
a,1434359149472
y,1434359149572
*SPACE*,1434359149788
a,1434359149937
n,1434359150017
y,1434359150174
*SPACE*,1434359150272
b,1434359150418
e,1434359150503
a,1434359150670
r,1434359150735
s,1434359150890
*ENTER*,1434359151680
a,1434359153469
s,1434359153524
*SPACE*,1434359153722
t,1434359153887
h,1434359153972
e,1434359154068
y,1434359154285
*SPACE*,1434359154513
a,1434359154575
r,1434359154665
e,1434359154734
*SPACE*,1434359154825
i,1434359154976
n,1434359155056
*SPACE*,1434359155283
n,1434359155391
o,1434359155475
r,1434359155556
t,1434359155629
h,1434359155694
e,1434359155823
r,1434359155854
n,1434359155932
*SPACE*,1434359156069
c,1434359159203
a,1434359159360
n,1434359159519
a,1434359160327
d,1434359160453
a,1434359160582
",",1434359160929
*BS*,1434359161764
*BS*,1434359161892
*BS*,1434359162398
*BS*,1434359162966
*BS*,1434359163043
*BS*,1434359163052
*BS*,1434359163101
*BS*,1434359163144
*BS*,1434359163169
*BS*,1434359163214
*BS*,1434359163224
*BS*,1434359163265
*BS*,1434359163308
*BS*,1434359163355
*BS*,1434359163409
*BS*,1434359163417
*BS*,1434359163461
*BS*,1434359163524
*BS*,1434359163572
*BS*,1434359163609
*BS*,1434359163658
*BS*,1434359163670
*BS*,1434359163723
*BS*,1434359163744
*BS*,1434359163783
*BS*,1434359163831
*BS*,1434359163868
*BS*,1434359163916
*BS*,1434359163933
*BS*,1434359164001
*BS*,1434359164020
*BS*,1434359164055
*BS*,1434359164102
*BS*,1434359164127
*BS*,1434359164154
*BS*,1434359164192
*BS*,1434359164230
*BS*,1434359164274
t,1434359165824
h,1434359165938
e,1434359166025
r,1434359166076
e,1434359166179
*SPACE*,1434359166296
a,1434359166453
r,1434359166543
e,1434359166628
*SPACE*,1434359166708
a,1434359166877
*SPACE*,1434359166890
l,1434359167050
o,1434359167210
t,1434359167265
*SPACE*,1434359167446
o,1434359167603
f,1434359167657
*SPACE*,1434359167714
b,1434359167881
e,1434359167946
a,1434359168059
r,1434359168122
s,1434359168289
*SPACE*,1434359168375
i,1434359168987
n,1434359169042
*SPACE*,1434359169209
n,1434359169357
o,1434359169421
r,1434359169506
t,1434359169575
h,1434359169641
e,1434359169756
r,1434359169815
n,1434359169861
*SPACE*,1434359170019
c,1434359170163
a,1434359170218
n,1434359170291
a,1434359170422
d,1434359170502
a,1434359170603
!,1434359170873
*ENTER*,1434359171421
a,1434359176580
n,1434359176744
d,1434359176797
*SPACE*,1434359176916
a,1434359177171
g,1434359177282
a,1434359177425
i,1434359177505
n,1434359177569
",",1434359177794
*SPACE*,1434359177933
a,1434359178079
*SPACE*,1434359178182
p,1434359178388
i,1434359178484
s,1434359178650
t,1434359178876
o,1434359178923
l,1434359179126
*SPACE*,1434359179345
i,1434359179559
s,1434359179670
*SPACE*,1434359179774
n,1434359179922
t,1434359180131
*SPACE*,1434359180259
t,1434359180405
h,1434359180528
a,1434359180618
t,1434359180704
*SPACE*,1434359180820
h,1434359180983
e,1434359181069
a,1434359181189
v,1434359181269
y,1434359181477
.,1434359181592
*ENTER*,1434359182257
s,1434359182794
h,1434359182881
a,1434359182931
l,1434359183082
l,1434359183210
*SPACE*,1434359183404
w,1434359183515
e,1434359183635
*SPACE*,1434359183647
s,1434359183798
a,1434359183919
y,1434359184000
*SPACE*,1434359184183
y,1434359184315
e,1434359184475
s,1434359184646
?,1434359184810
*ENTER*,1434359185155
i,1434359244773
*SPACE*,1434359244938
t,1434359245155
h,1434359245225
i,1434359245285
n,1434359245342
k,1434359245518
*SPACE*,1434359245601
i,1434359245969
*SPACE*,1434359246075
w,1434359246298
o,1434359246503
u,1434359246577
l,1434359246695
d,1434359246806
*SPACE*,1434359246909
f,1434359247030
e,1434359247234
e,1434359247401
l,1434359247509
*SPACE*,1434359247765
w,1434359247901
e,1434359247945
*SPACE*,1434359248097
n,1434359248202
e,1434359248268
e,1434359248418
d,1434359248609
e,1434359248770
d,1434359248942
*SPACE*,1434359249017
i,1434359249086
t,1434359249208
*SPACE*,1434359249295
o,1434359249944
n,1434359250072
*SPACE*,1434359250238
t,1434359250326
h,1434359250428
e,1434359250486
*SPACE*,1434359250607
c,1434359250720
h,1434359250794
a,1434359250925
n,1434359251176
c,1434359251287
e,1434359251377
*SPACE*,1434359251467
w,1434359251586
e,1434359251662
*SPACE*,1434359251746
m,1434359252356
e,1434359252457
t,1434359252553
*SPACE*,1434359252643
a,1434359252757
*SPACE*,1434359252842
b,1434359253034
e,1434359253143
a,1434359253197
r,1434359253477
*ENTER*,1434359254405
o,1434359254740
t,1434359254890
h,1434359254978
e,1434359255058
r,1434359255117
w,1434359255353
i,1434359255486
s,1434359255545
e,1434359255729
*SPACE*,1434359255803
h,1434359256020
o,1434359256099
w,1434359256269
*SPACE*,1434359256336
w,1434359256499
o,1434359256573
u,1434359256648
l,1434359256770
d,1434359256892
*SPACE*,1434359257008
w,1434359257307
e,1434359257363
*SPACE*,1434359257562
s,1434359259624
c,1434359259751
a,1434359259888
r,1434359260024
e,1434359260076
*SPACE*,1434359260248
t,1434359260338
h,1434359260433
e,1434359260524
m,1434359260631
*SPACE*,1434359260809
o,1434359260881
f,1434359260923
f,1434359261061
?,1434359261266
*ENTER*,1434359263364
s,1434359322089
u,1434359322796
r,1434359322984
*BS*,1434359323300
*BS*,1434359323393
*BS*,1434359323481
*BS*,1434359323547
*BS*,1434359323629
*BS*,1434359323705
o,1434359323992
k,1434359324044
*SPACE*,1434359324593
t,1434359324763
h,1434359324872
e,1434359324955
n,1434359325080
",",1434359325333
*SPACE*,1434359325486
t,1434359325826
h,1434359325926
a,1434359326017
t,1434359326147
s,1434359326324
*SPACE*,1434359326435
a,1434359326539
*SPACE*,1434359326637
y,1434359326771
e,1434359326950
s,1434359327108
.,1434359327240
*ENTER*,1434359327815
w,1434359337067
h,1434359337236
a,1434359337284
t,1434359337459
*SPACE*,1434359337523
w,1434359337821
e,1434359337925
r,1434359337999
e,1434359338229
*SPACE*,1434359338245
y,1434359338321
o,1434359338361
u,1434359338401
r,1434359338483
*SPACE*,1434359338565
t,1434359338683
h,1434359338774
o,1434359338960
u,1434359338977
g,1434359339103
h,1434359339175
t,1434359339303
s,1434359339420
*SPACE*,1434359339505
o,1434359339607
n,1434359339740
*SPACE*,1434359339910
t,1434359340202
h,1434359340413
e,1434359340439
*SPACE*,1434359340527
b,1434359340640
u,1434359340693
t,1434359340745
t,1434359340897
e,1434359341022
r,1434359341096
?,1434359341877
*ENTER*,1434359342766
i,1434359389773
*SPACE*,1434359389914
w,1434359390086
o,1434359390243
u,1434359390321
l,1434359390428
d,1434359390545
*SPACE*,1434359390687
t,1434359390841
a,1434359390955
k,1434359391021
e,1434359391117
*SPACE*,1434359391235
i,1434359391298
t,1434359391399
*SPACE*,1434359391496
f,1434359391563
o,1434359391657
r,1434359391712
*SPACE*,1434359391830
p,1434359392055
r,1434359392109
e,1434359392124
s,1434359392234
i,1434359392344
c,1434359392470
e,1434359392558
s,1434359392910
l,1434359393036
y,1434359393166
*SPACE*,1434359393291
t,1434359393337
h,1434359393414
a,1434359393540
t,1434359393702
*SPACE*,1434359393721
r,1434359393792
e,1434359393807
a,1434359393966
s,1434359394059
o,1434359394153
n,1434359394249
*ENTER*,1434359394765
o,1434359395685
n,1434359395768
l,1434359395938
y,1434359396341
*SPACE*,1434359396439
2,1434359397267
0,1434359397574
*SPACE*,1434359397827
k,1434359398113
l,1434359398372
*BS*,1434359399022
*BS*,1434359399150
i,1434359399677
l,1434359399747
m,1434359399953
o,1434359400055
e,1434359400205
t,1434359400300
r,1434359400491
e,1434359400556
s,1434359400752
*SPACE*,1434359400870
t,1434359400943
o,1434359401028
*SPACE*,1434359401114
g,1434359401195
o,1434359401294
",",1434359401489
*SPACE*,1434359401701
b,1434359401833
u,1434359402882
t,1434359402981
*SPACE*,1434359403154
a,1434359403293
n,1434359403373
y,1434359403535
*SPACE*,1434359404040
p,1434359404254
r,1434359404355
o,1434359404462
p,1434359404546
v,1434359404600
i,1434359404750
s,1434359404860
i,1434359404942
o,1434359404997
s,1434359405352
*BS*,1434359406119
*BS*,1434359406185
n,1434359406549
s,1434359406651
*SPACE*,1434359406756
w,1434359406896
o,1434359406976
u,1434359407061
l,1434359407180
d,1434359407251
*SPACE*,1434359407378
b,1434359407579
e,1434359407636
*SPACE*,1434359407742
w,1434359407793
e,1434359407871
c,1434359408113
l,1434359408168
o,1434359408387
m,1434359408483
e,1434359408549
*SPACE*,1434359408681
e,1434359408941
v,1434359409021
e,1434359409128
n,1434359409192
*SPACE*,1434359409342
s,1434359409495
o,1434359409569
*BS*,1434359410183
*BS*,1434359410287
*BS*,1434359410390
*BS*,1434359410462
*BS*,1434359411554
*BS*,1434359411642
*BS*,1434359411742
*BS*,1434359411808
*BS*,1434359411921
*BS*,1434359411968
*BS*,1434359412052
*BS*,1434359412135
*BS*,1434359412216
*BS*,1434359412278
f,1434359413338
o,1434359413423
r,1434359413530
*SPACE*,1434359413693
a,1434359413756
*BS*,1434359414111
*BS*,1434359414209
*BS*,1434359414267
*BS*,1434359414364
*BS*,1434359414496
*BS*,1434359414552
*BS*,1434359414691
*BS*,1434359414779
*BS*,1434359414888
*BS*,1434359414971
o,1434359415350
v,1434359415451
e,1434359415614
r,1434359415676
*SPACE*,1434359415754
a,1434359415888
*SPACE*,1434359415954
c,1434359416006
o,1434359416103
u,1434359416193
p,1434359416263
l,1434359416348
e,1434359416458
*SPACE*,1434359416581
o,1434359416666
f,1434359416678
*SPACE*,1434359416772
d,1434359416889
a,1434359416962
y,1434359417044
s,1434359417145
*SPACE*,1434359417524
a,1434359417604
n,1434359417701
d,1434359417782
*SPACE*,1434359417883
b,1434359418112
u,1434359418167
t,1434359418269
t,1434359418399
e,1434359418556
r,1434359418616
*SPACE*,1434359418679
i,1434359418774
s,1434359418888
*SPACE*,1434359418988
p,1434359419240
u,1434359419294
r,1434359419379
e,1434359419481
*SPACE*,1434359419599
e,1434359419724
n,1434359419777
e,1434359419865
r,1434359419912
g,1434359420088
y,1434359420240
*ENTER*,1434359421035
o,1434359432482
k,1434359432571
*SPACE*,1434359433120
t,1434359433274
h,1434359433369
e,1434359433491
n,1434359433563
",",1434359434074
*SPACE*,1434359434245
a,1434359434417
g,1434359434720
r,1434359434915
e,1434359434968
e,1434359435141
d,1434359435323
*SPACE*,1434359435461
y,1434359435551
e,1434359435679
s,1434359435891
*ENTER*,1434359436356
t,1434359516254
h,1434359516302
a,1434359516520
t,1434359516605
s,1434359516800
*SPACE*,1434359516911
t,1434359517040
r,1434359517051
u,1434359517231
e,1434359517328
*SPACE*,1434359517484
b,1434359517610
u,1434359517715
t,1434359517779
*SPACE*,1434359517967
i,1434359518186
*SPACE*,1434359518282
w,1434359518499
o,1434359518633
n,1434359518786
d,1434359518866
e,1434359519033
r,1434359519089
*SPACE*,1434359519196
i,1434359519255
f,1434359519360
*SPACE*,1434359519442
i,1434359519505
t,1434359519606
*SPACE*,1434359519765
w,1434359520159
o,1434359520244
u,1434359520315
l,1434359520477
d,1434359520538
*SPACE*,1434359520683
g,1434359520748
e,1434359520851
t,1434359520923
*SPACE*,1434359521003
w,1434359521121
e,1434359521373
t,1434359521449
?,1434359522187
*ENTER*,1434359523570
a,1434359527227
l,1434359527322
t,1434359527530
h,1434359527552
o,1434359527601
u,1434359527666
g,1434359527793
h,1434359527889
*SPACE*,1434359528029
h,1434359528217
a,1434359528279
d,1434359528387
n,1434359528414
t,1434359528561
*SPACE*,1434359528635
t,1434359528774
h,1434359528874
o,1434359529012
u,1434359529077
g,1434359529163
h,1434359529278
t,1434359529294
*SPACE*,1434359529461
a,1434359529526
b,1434359529683
o,1434359530100
u,1434359530148
t,1434359530228
*SPACE*,1434359530421
i,1434359530501
t,1434359530560
*SPACE*,1434359530632
a,1434359530770
s,1434359530876
*SPACE*,1434359530952
i,1434359531167
n,1434359531253
s,1434359531354
u,1434359531535
l,1434359531601
a,1434359531661
t,1434359531770
i,1434359531835
o,1434359531933
n,1434359532071
*SPACE*,1434359532219
s,1434359532344
o,1434359532424
*SPACE*,1434359532493
p,1434359532653
r,1434359532714
o,1434359532824
b,1434359532928
a,1434359533134
b,1434359533265
l,1434359533355
y,1434359533445
*SPACE*,1434359533576
i,1434359533691
s,1434359533761
*SPACE*,1434359533866
w,1434359533942
o,1434359534029
r,1434359534139
t,1434359534260
h,1434359534269
*SPACE*,1434359534485
t,1434359534562
a,1434359534659
k,1434359534746
i,1434359534889
n,1434359534954
g,1434359535070
*SPACE*,1434359535167
*ENTER*,1434359535900
i,1434359536497
t,1434359536620
*SPACE*,1434359536894
i,1434359537033
*BS*,1434359537475
*BS*,1434359537598
t,1434359537933
*BS*,1434359538287
*BS*,1434359538417
i,1434359538565
t,1434359538628
*SPACE*,1434359538828
g,1434359538903
e,1434359539024
t,1434359539104
s,1434359539276
*SPACE*,1434359539391
w,1434359539514
e,1434359539567
t,1434359539784
*SPACE*,1434359539870
y,1434359540481
o,1434359540571
u,1434359540629
*SPACE*,1434359540879
c,1434359540965
o,1434359541012
u,1434359541099
l,1434359541209
d,1434359541262
*SPACE*,1434359541420
j,1434359541656
u,1434359541798
s,1434359541878
t,1434359542025
*SPACE*,1434359542127
l,1434359542300
e,1434359542317
a,1434359542506
v,1434359542622
e,1434359542717
*SPACE*,1434359542764
i,1434359542839
t,1434359542965
*ENTER*,1434359543694
s,1434359546097
o,1434359546166
*SPACE*,1434359546465
y,1434359546642
o,1434359546753
u,1434359546833
*SPACE*,1434359547100
w,1434359548070
a,1434359548236
n,1434359548369
t,1434359548444
*SPACE*,1434359548550
t,1434359548810
o,1434359549240
*SPACE*,1434359549319
p,1434359549649
u,1434359549728
t,1434359549830
*SPACE*,1434359549974
y,1434359550200
e,1434359550405
s,1434359550664
?,1434359550819
*ENTER*,1434359552010
a,1434359572595
n,1434359572785
*SPACE*,1434359572980
e,1434359573142
m,1434359573203
p,1434359573327
t,1434359573497
y,1434359573559
*SPACE*,1434359573712
c,1434359573905
i,1434359574009
g,1434359574129
a,1434359574308
r,1434359574367
e,1434359574504
t,1434359574624
t,1434359574762
e,1434359574831
*SPACE*,1434359575007
l,1434359575190
i,1434359575280
g,1434359575376
h,1434359575519
t,1434359575568
e,1434359575758
s,1434359575936
*SPACE*,1434359576151
d,1434359576380
o,1434359576460
e,1434359576551
s,1434359576604
n,1434359576774
t,1434359576877
*SPACE*,1434359576981
s,1434359577107
e,1434359577285
e,1434359577445
m,1434359577525
*SPACE*,1434359577695
u,1434359579151
s,1434359579246
e,1434359579410
f,1434359579514
u,1434359579576
l,1434359579671
!,1434359580310
?,1434359580713
!,1434359581170
*ENTER*,1434359581800
s,1434359598349
o,1434359598417
*SPACE*,1434359598563
t,1434359598661
h,1434359598762
a,1434359598822
t,1434359598916
s,1434359599115
*SPACE*,1434359599211
a,1434359599330
g,1434359599579
r,1434359599732
e,1434359599790
e,1434359599946
d,1434359600129
*SPACE*,1434359600219
n,1434359600399
o,1434359600458
*ENTER*,1434359600893
n,1434359636175
o,1434359636218
*SPACE*,1434359636558
i,1434359636999
*SPACE*,1434359637095
a,1434359637248
g,1434359637450
r,1434359637612
e,1434359637663
e,1434359637818
*SPACE*,1434359638006
c,1434359638986
a,1434359639099
n,1434359639222
t,1434359639370
*SPACE*,1434359639873
s,1434359640033
e,1434359640199
e,1434359640343
*SPACE*,1434359640480
w,1434359640688
h,1434359640817
a,1434359640880
t,1434359640994
*SPACE*,1434359641121
i,1434359641494
t,1434359641563
*SPACE*,1434359641677
w,1434359641800
o,1434359641890
u,1434359641976
l,1434359642124
d,1434359642216
*SPACE*,1434359642334
b,1434359642485
e,1434359642549
*SPACE*,1434359642645
f,1434359642741
o,1434359642868
r,1434359642947
e,1434359643011
*BS*,1434359643727
*BS*,1434359643871
*ENTER*,1434359644113
i,1434359650995
*SPACE*,1434359651190
w,1434359651316
a,1434359651507
s,1434359651591
*SPACE*,1434359651802
s,1434359652726
t,1434359652987
u,1434359653180
*BS*,1434359653516
*BS*,1434359653598
*BS*,1434359653684
*BS*,1434359653769
*BS*,1434359654014
*BS*,1434359654117
s,1434359654694
t,1434359654930
r,1434359654986
i,1434359655309
*BS*,1434359655597
*BS*,1434359655706
u,1434359655790
g,1434359655871
g,1434359656018
l,1434359656086
i,1434359656289
n,1434359656360
g,1434359656406
*SPACE*,1434359656510
t,1434359656570
o,1434359656638
*SPACE*,1434359656706
d,1434359656823
e,1434359656950
c,1434359657152
i,1434359657278
d,1434359657353
e,1434359657497
*SPACE*,1434359657598
o,1434359657701
n,1434359657801
*SPACE*,1434359657971
t,1434359657981
h,1434359658133
e,1434359658185
*SPACE*,1434359658322
c,1434359658392
l,1434359658477
o,1434359658627
t,1434359658680
h,1434359658867
e,1434359659037
s,1434359659233
*SPACE*,1434359659413
a,1434359659543
s,1434359659718
*SPACE*,1434359659836
t,1434359659965
e,1434359660110
y,1434359660253
*SPACE*,1434359660398
a,1434359660701
r,1434359660865
e,1434359660910
*SPACE*,1434359661021
h,1434359661277
e,1434359661400
a,1434359661563
v,1434359661655
y,1434359661832
*SPACE*,1434359661945
b,1434359662068
u,1434359662137
t,1434359662267
*SPACE*,1434359662402
g,1434359662618
o,1434359662678
o,1434359662833
d,1434359662935
*SPACE*,1434359663074
f,1434359663120
o,1434359663224
r,1434359663283
*SPACE*,1434359663404
w,1434359663468
a,1434359663591
r,1434359663665
m,1434359663829
t,1434359663938
h,1434359664058
*ENTER*,1434359664711
w,1434359696714
e,1434359696788
a,1434359696951
r,1434359697043
*SPACE*,1434359697202
t,1434359697288
h,1434359697419
e,1434359697488
m,1434359697621
*SPACE*,1434359697801
n,1434359698398
d,1434359698576
*BS*,1434359698902
*BS*,1434359698997
*BS*,1434359699068
*BS*,1434359699151
*BS*,1434359699240
*BS*,1434359699344
*SPACE*,1434359699755
t,1434359699944
h,1434359699998
e,1434359700020
*SPACE*,1434359700174
w,1434359700238
h,1434359700339
o,1434359700446
l,1434359700681
e,1434359700717
*SPACE*,1434359700835
t,1434359700989
i,1434359701041
e,1434359701174
?,1434359701445
*BS*,1434359701946
*BS*,1434359702034
*BS*,1434359702101
*BS*,1434359702182
m,1434359702325
e,1434359702466
?,1434359702678
*ENTER*,1434359703072
i,1434359706949
*SPACE*,1434359707107
g,1434359707190
u,1434359707330
e,1434359707417
s,1434359707622
s,1434359707745
*SPACE*,1434359707875
s,1434359708022
o,1434359708080
.,1434359708336
*SPACE*,1434359708529
a,1434359717322
n,1434359717444
d,1434359717597
*SPACE*,1434359717717
i,1434359717824
t,1434359717940
*SPACE*,1434359718048
s,1434359718200
a,1434359718360
i,1434359718489
d,1434359718696
*SPACE*,1434359718807
i,1434359718997
t,1434359719156
*SPACE*,1434359719231
w,1434359719365
o,1434359719439
u,1434359719529
l,1434359719642
d,1434359719715
*SPACE*,1434359719878
g,1434359719989
e,1434359720100
t,1434359720186
*SPACE*,1434359720316
v,1434359720412
e,1434359720549
r,1434359720597
y,1434359720798
*SPACE*,1434359720899
c,1434359721052
o,1434359721126
l,1434359721310
d,1434359721394
*ENTER*,1434359722447
a,1434359722979
t,1434359723213
*SPACE*,1434359723351
n,1434359723518
i,1434359723623
g,1434359723710
h,1434359723790
t,1434359723899
*ENTER*,1434359724141
o,1434359759708
k,1434359759787
",",1434359760549
*SPACE*,1434359760778
i,1434359760895
*SPACE*,1434359761034
t,1434359761193
h,1434359761244
i,1434359761299
n,1434359761361
k,1434359761486
*SPACE*,1434359761566
I,1434359761768
*SPACE*,1434359761878
p,1434359762055
u,1434359762167
t,1434359762241
*SPACE*,1434359762387
n,1434359762534
o,1434359762603
*SPACE*,1434359762747
t,1434359762763
h,1434359762917
e,1434359762963
*SPACE*,1434359763093
f,1434359763189
i,1434359763288
r,1434359763337
s,1434359763464
t,1434359763678
*SPACE*,1434359763780
t,1434359763867
i,1434359763981
m,1434359764050
e,1434359764148
*SPACE*,1434359764265
b,1434359764407
u,1434359764474
t,1434359764581
*SPACE*,1434359764709
l,1434359764884
e,1434359764953
t,1434359765028
s,1434359765230
*SPACE*,1434359765294
p,1434359765493
u,1434359765547
t,1434359765680
*SPACE*,1434359765783
y,1434359765864
e,1434359766051
s,1434359766267
*ENTER*,1434359766969
t,1434359807328
h,1434359807442
e,1434359807559
*SPACE*,1434359807690
t,1434359807894
a,1434359808037
r,1434359808119
p,1434359808251
*SPACE*,1434359808441
i,1434359808531
s,1434359808618
*SPACE*,1434359808700
i,1434359808930
n,1434359808982
t,1434359809050
e,1434359809153
r,1434359809232
e,1434359809334
s,1434359809537
t,1434359809677
i,1434359809759
n,1434359809823
g,1434359809931
*SPACE*,1434359810604
a,1434359810746
s,1434359810795
*SPACE*,1434359810941
i,1434359812146
t,1434359812351
*SPACE*,1434359812518
i,1434359812690
s,1434359812768
*SPACE*,1434359812874
s,1434359814584
o,1434359814781
*SPACE*,1434359814976
l,1434359815183
a,1434359815237
r,1434359815301
g,1434359815504
e,1434359815558
*SPACE*,1434359815674
i,1434359815749
t,1434359815825
*SPACE*,1434359815938
w,1434359815994
o,1434359816076
u,1434359816166
l,1434359816287
d,1434359816367
*SPACE*,1434359816866
b,1434359817033
e,1434359817117
*SPACE*,1434359817223
h,1434359819458
e,1434359819575
a,1434359819773
v,1434359819922
y,1434359820134
*ENTER*,1434359820894
b,1434359829180
*BS*,1434359829862
*BS*,1434359829977
y,1434359830230
e,1434359830401
a,1434359830491
h,1434359830583
*ENTER*,1434359831005
i,1434359832005
*SPACE*,1434359832253
t,1434359832380
h,1434359832472
i,1434359832480
n,1434359832575
k,1434359832680
*SPACE*,1434359832761
i,1434359832867
t,1434359832980
*SPACE*,1434359833066
w,1434359833196
o,1434359833260
u,1434359833335
l,1434359833519
d,1434359833600
*SPACE*,1434359833761
b,1434359833942
e,1434359834055
*SPACE*,1434359834135
v,1434359834586
e,1434359834721
r,1434359834773
y,1434359834959
*SPACE*,1434359835044
d,1434359835204
a,1434359835270
n,1434359835333
g,1434359835438
e,1434359835575
r,1434359835596
o,1434359835698
u,1434359835811
s,1434359835923
*SPACE*,1434359836024
n,1434359836557
o,1434359836634
t,1434359836715
*SPACE*,1434359836789
t,1434359836928
o,1434359837029
*SPACE*,1434359837109
t,1434359837190
a,1434359837359
k,1434359837434
e,1434359837565
*SPACE*,1434359837721
i,1434359837802
t,1434359837882
*SPACE*,1434359837986
i,1434359838066
f,1434359838245
*SPACE*,1434359838343
t,1434359838468
e,1434359838639
*SPACE*,1434359838765
n,1434359838887
i,1434359838948
g,1434359839079
h,1434359839187
t,1434359839226
s,1434359839407
*SPACE*,1434359839509
w,1434359839644
e,1434359839704
r,1434359839758
e,1434359839848
*SPACE*,1434359839961
e,1434359840089
x,1434359840290
p,1434359840393
e,1434359840484
c,1434359840566
t,1434359840753
e,1434359840821
d,1434359840992
*SPACE*,1434359841098
t,1434359841257
o,1434359841310
*SPACE*,1434359841401
b,1434359841604
e,1434359841674
*SPACE*,1434359841774
b,1434359841935
e,1434359842075
w,1434359842136
l,1434359842203
*BS*,1434359842914
*BS*,1434359843145
*BS*,1434359843452
*BS*,1434359843572
l,1434359843586
o,1434359843773
w,1434359843900
*SPACE*,1434359844104
f,1434359844287
r,1434359844434
e,1434359844482
e,1434359844653
i,1434359844983
n,1434359845054
*BS*,1434359845457
*BS*,1434359845550
*BS*,1434359845626
*BS*,1434359845705
z,1434359845984
i,1434359846229
n,1434359846283
g,1434359846357
*ENTER*,1434359846676
s,1434359859500
o,1434359859609
*SPACE*,1434359859785
s,1434359859948
h,1434359860044
a,1434359860182
l,1434359860273
l,1434359860434
*SPACE*,1434359860667
w,1434359860995
e,1434359861056
*SPACE*,1434359861142
s,1434359861349
a,1434359861487
y,1434359861525
*SPACE*,1434359861764
y,1434359861945
e,1434359862020
s,1434359862225
?,1434359862443
*BS*,1434359867365
*BS*,1434359867891
*BS*,1434359867943
*BS*,1434359867976
*BS*,1434359868014
*BS*,1434359868056
*BS*,1434359868096
*BS*,1434359868158
*BS*,1434359868169
*BS*,1434359868203
*BS*,1434359868247
*BS*,1434359868267
*BS*,1434359868306
*BS*,1434359868355
*BS*,1434359868387
*BS*,1434359868469
*BS*,1434359868512
*BS*,1434359868557
*BS*,1434359868564
*BS*,1434359868607
*BS*,1434359868676
*BS*,1434359868746
*BS*,1434359868753
*BS*,1434359868759
*BS*,1434359868787
*BS*,1434359868824
*BS*,1434359868896
a,1434359869419
n,1434359869518
d,1434359869621
*SPACE*,1434359869712
i,1434359869807
f,1434359869875
*SPACE*,1434359869966
i,1434359870058
t,1434359870148
*SPACE*,1434359870255
g,1434359870344
o,1434359870429
t,1434359870559
*SPACE*,1434359870611
t,1434359871446
a,1434359871548
n,1434359871685
g,1434359871834
l,1434359871930
e,1434359871999
d,1434359872190
*SPACE*,1434359872302
o,1434359877192
r,1434359877325
*SPACE*,1434359877492
w,1434359877583
a,1434359877777
s,1434359877828
*SPACE*,1434359877923
t,1434359878034
o,1434359878254
*SPACE*,1434359878343
h,1434359878570
e,1434359878622
a,1434359878776
v,1434359878845
y,1434359879017
*SPACE*,1434359879092
y,1434359879297
o,1434359879375
u,1434359879443
*SPACE*,1434359879651
c,1434359879745
a,1434359879804
n,1434359879825
*SPACE*,1434359879989
j,1434359880175
u,1434359880337
s,1434359880394
t,1434359880577
*SPACE*,1434359880688
l,1434359880856
e,1434359880864
a,1434359880991
v,1434359881082
e,1434359881161
*SPACE*,1434359881226
i,1434359881295
t,1434359881402
*ENTER*,1434359881812
t,1434359882378
h,1434359882474
e,1434359882526
y,1434359882656
v,1434359883101
e,1434359883146
*SPACE*,1434359883230
g,1434359883364
o,1434359883456
t,1434359883570
*SPACE*,1434359883643
t,1434359883724
o,1434359883808
*SPACE*,1434359883881
g,1434359883957
e,1434359884061
t,1434359884118
*SPACE*,1434359884224
2,1434359884625
0,1434359884705
*SPACE*,1434359884891
k,1434359885252
m,1434359885440
s,1434359885581
*SPACE*,1434359885821
s,1434359886940
o,1434359887063
*SPACE*,1434359887263
i,1434359887358
t,1434359887427
s,1434359887649
*SPACE*,1434359887734
n,1434359887924
o,1434359888000
t,1434359888051
*SPACE*,1434359888152
t,1434359888255
h,1434359888378
a,1434359888453
t,1434359888538
*SPACE*,1434359888651
f,1434359888822
a,1434359888906
r,1434359889040
*SPACE*,1434359889452
e,1434359890029
v,1434359890163
e,1434359890239
n,1434359890342
*SPACE*,1434359891016
t,1434359891168
h,1434359891238
r,1434359891336
o,1434359891419
u,1434359891488
g,1434359891588
h,1434359891687
*SPACE*,1434359891872
b,1434359893675
r,1434359894009
u,1434359894148
*BS*,1434359894879
*BS*,1434359894968
*BS*,1434359895040
*BS*,1434359895110
*BS*,1434359895171
*BS*,1434359895270
f,1434359895799
o,1434359895926
r,1434359895987
e,1434359896067
s,1434359896285
t,1434359896455
*ENTER*,1434359896661
s,1434359898158
o,1434359898252
*SPACE*,1434359898504
l,1434359898647
e,1434359898752
t,1434359898950
s,1434359899197
*SPACE*,1434359899320
t,1434359899432
a,1434359899557
k,1434359899640
e,1434359899752
*SPACE*,1434359899878
i,1434359899933
t,1434359900029
*ENTER*,1434359900351
o,1434359916489
k,1434359916540
*ENTER*,1434359917286
t,1434359926712
h,1434359926797
e,1434359926917
*SPACE*,1434359927014
m,1434359927160
a,1434359927268
o,1434359927354
*SPACE*,1434359927540
s,1434359927631
e,1434359927820
e,1434359927951
m,1434359928064
s,1434359928187
*SPACE*,1434359928288
a,1434359928429
*SPACE*,1434359928490
m,1434359928643
u,1434359928862
s,1434359928934
t,1434359929164
.,1434359929276
*SPACE*,1434359929394
i,1434359929566
t,1434359929699
*BS*,1434359930219
*BS*,1434359930317
*BS*,1434359930367
*BS*,1434359930476
t,1434359930597
h,1434359930655
e,1434359930761
r,1434359930820
e,1434359930925
*SPACE*,1434359931030
i,1434359931090
s,1434359931236
*SPACE*,1434359931254
n,1434359931407
o,1434359931471
*SPACE*,1434359931603
p,1434359931880
i,1434359932007
l,1434359932226
o,1434359932387
t,1434359932473
*SPACE*,1434359932600
i,1434359932799
n,1434359932871
t,1434359933065
*SPACE*,1434359933073
h,1434359933218
e,1434359933238
*SPACE*,1434359933375
g,1434359933456
r,1434359933592
o,1434359933694
u,1434359933776
p,1434359933837
*SPACE*,1434359934180
b,1434359934341
u,1434359934427
t,1434359934506
*SPACE*,1434359934646
a,1434359934721
i,1434359934860
r,1434359934948
*SPACE*,1434359935027
m,1434359935185
a,1434359935255
p,1434359935399
s,1434359935513
*SPACE*,1434359935617
a,1434359935723
r,1434359935812
e,1434359935882
*SPACE*,1434359935968
v,1434359936106
e,1434359936240
r,1434359936290
y,1434359936441
*SPACE*,1434359936529
d,1434359936711
e,1434359936859
t,1434359937012
i,1434359937233
l,1434359937264
e,1434359937371
d,1434359937540
*SPACE*,1434359937603
s,1434359937741
o,1434359937803
*SPACE*,1434359937984
i,1434359939795
t,1434359939937
*SPACE*,1434359940082
w,1434359940211
o,1434359940302
u,1434359940371
l,1434359940555
d,1434359940619
*SPACE*,1434359940716
b,1434359940906
e,1434359940957
*SPACE*,1434359941035
u,1434359941537
s,1434359941695
e,1434359941891
f,1434359941984
u,1434359942073
l,1434359942144
*ENTER*,1434359942500
y,1434360007091
e,1434360007145
p,1434360008413
*ENTER*,1434360008808
s,1434360010308
o,1434360010574
*SPACE*,1434360010809
t,1434360010924
h,1434360011012
a,1434360011147
t,1434360011264
s,1434360011446
*SPACE*,1434360011577
a,1434360011819
*SPACE*,1434360011934
y,1434360012062
e,1434360012244
s,1434360012490
*SPACE*,1434360012983
t,1434360013300
h,1434360013407
e,1434360013538
n,1434360013593
*ENTER*,1434360013899
y,1434360053654
e,1434360053965
a,1434360054026
h,1434360054153
*BS*,1434360055530
*BS*,1434360055634
*BS*,1434360055742
*BS*,1434360055802
*BS*,1434360055912
*BS*,1434360055961
*BS*,1434360056058
*BS*,1434360056125
*BS*,1434360056185
*BS*,1434360056294
o,1434360057057
k,1434360057072
*SPACE*,1434360058193
g,1434360058477
o,1434360058568
o,1434360058715
d,1434360058906
*ENTER*,1434360059628
i,1434360061132
m,1434360061546
*SPACE*,1434360061747
n,1434360061936
o,1434360062032
t,1434360062077
*SPACE*,1434360062184
s,1434360062341
u,1434360062384
r,1434360062540
e,1434360062615
*SPACE*,1434360062695
w,1434360063133
e,1434360063230
*SPACE*,1434360063330
w,1434360063500
o,1434360063590
u,1434360063665
l,1434360063795
d,1434360063905
*SPACE*,1434360063986
n,1434360064133
e,1434360064186
e,1434360064322
d,1434360064513
*SPACE*,1434360064577
t,1434360064713
h,1434360064764
e,1434360064873
w,1434360065066
h,1434360065119
i,1434360065202
c,1434360065293
k,1434360065403
y,1434360065575
*BS*,1434360066453
*BS*,1434360066526
*BS*,1434360066560
*BS*,1434360066659
*BS*,1434360066731
*BS*,1434360066830
*BS*,1434360066888
*BS*,1434360066971
*BS*,1434360067046
*BS*,1434360067102
*BS*,1434360067192
*BS*,1434360067283
*SPACE*,1434360067653
w,1434360067784
h,1434360067900
i,1434360067967
c,1434360068022
s,1434360068468
k,1434360068555
y,1434360068759
*BS*,1434360069504
*BS*,1434360069587
*BS*,1434360069670
*BS*,1434360069736
*BS*,1434360069811
*BS*,1434360069899
*BS*,1434360069985
*BS*,1434360070045
s,1434360071529
k,1434360071773
y,1434360071953
*ENTER*,1434360073193
m,1434360096097
a,1434360096320
y,1434360096432
b,1434360096670
e,1434360096753
*SPACE*,1434360096907
a,1434360096980
s,1434360097056
*SPACE*,1434360097155
a,1434360097276
n,1434360097345
*SPACE*,1434360097496
a,1434360097623
n,1434360097785
t,1434360097928
i,1434360098047
s,1434360098201
e,1434360098389
p,1434360098550
t,1434360098755
c,1434360098992
i,1434360099061
*SPACE*,1434360099395
b,1434360099451
u,1434360099547
t,1434360099673
*SPACE*,1434360099820
i,1434360100104
t,1434360100233
s,1434360100475
*SPACE*,1434360100582
a,1434360100656
*SPACE*,1434360100802
l,1434360100942
o,1434360101109
t,1434360101175
*SPACE*,1434360102547
t,1434360102831
o,1434360102851
*SPACE*,1434360103049
c,1434360103131
a,1434360103270
r,1434360103455
r,1434360103614
y,1434360103788
*ENTER*,1434360104842
i,1434360110433
t,1434360110596
*SPACE*,1434360110922
m,1434360111096
a,1434360111153
y,1434360111381
*SPACE*,1434360111491
d,1434360111665
o,1434360111734
",",1434360112074
*SPACE*,1434360112438
l,1434360112737
o,1434360112955
l,1434360113114
*ENTER*,1434360113428
b,1434360113793
u,1434360113890
t,1434360113964
*SPACE*,1434360114081
s,1434360114208
o,1434360114281
m,1434360114356
e,1434360114436
o,1434360114510
e,1434360114677
*SPACE*,1434360114790
n,1434360114953
e,1434360115018
e,1434360115161
d,1434360115335
s,1434360115389
*SPACE*,1434360115447
t,1434360115671
o,1434360115737
*SPACE*,1434360115842
s,1434360115912
t,1434360116098
a,1434360116179
y,1434360116290
*SPACE*,1434360116512
a,1434360116669
w,1434360116770
a,1434360116890
k,1434360117075
e,1434360117177
*SPACE*,1434360117256
i,1434360117729
n,1434360117804
*SPACE*,1434360117962
c,1434360118045
a,1434360118109
s,1434360118335
e,1434360118499
*SPACE*,1434360118636
a,1434360118880
*SPACE*,1434360118986
b,1434360119215
e,1434360119433
a,1434360119601
r,1434360119656
*SPACE*,1434360119783
c,1434360119923
o,1434360119994
m,1434360120051
e,1434360120126
s,1434360120307
!,1434360120703
*ENTER*,1434360122610
h,1434360162588
a,1434360162836
",",1434360163011
*SPACE*,1434360163362
p,1434360163564
r,1434360163668
o,1434360163779
b,1434360163930
a,1434360164071
b,1434360164253
l,1434360164359
y,1434360164476
*SPACE*,1434360165528
i,1434360165684
s,1434360165817
*SPACE*,1434360165953
i,1434360166107
n,1434360166168
*SPACE*,1434360166333
s,1434360166453
u,1434360166583
c,1434360166659
h,1434360166774
a,1434360166879
*SPACE*,1434360166956
s,1434360167124
*BS*,1434360168054
*BS*,1434360168143
*BS*,1434360168257
*BS*,1434360168322
*BS*,1434360168391
*BS*,1434360168474
*SPACE*,1434360168667
a,1434360169048
*SPACE*,1434360169169
s,1434360169316
t,1434360169550
r,1434360169690
e,1434360169703
s,1434360169938
s,1434360170068
f,1434360170291
u,1434360170301
l,1434360170374
*SPACE*,1434360170590
s,1434360170739
i,1434360170941
t,1434360171087
u,1434360171157
a,1434360171431
t,1434360171569
i,1434360171614
o,1434360171684
n,1434360171888
*ENTER*,1434360172645
s,1434360173817
o,1434360174089
*SPACE*,1434360174283
t,1434360174422
h,1434360174599
a,1434360174609
t,1434360174658
s,1434360174823
*SPACE*,1434360174951
a,1434360175093
*SPACE*,1434360175191
n,1434360175377
o,1434360175598
*ENTER*,1434360176404
o,1434360197400
k,1434360197461
*ENTER*,1434360198211
i,1434360199304
f,1434360199639
*SPACE*,1434360199713
w,1434360199839
e,1434360199848
*SPACE*,1434360199988
a,1434360200065
r,1434360200168
e,1434360200228
*SPACE*,1434360200364
t,1434360200436
a,1434360200596
k,1434360200663
i,1434360200824
n,1434360200891
g,1434360200948
*SPACE*,1434360201042
t,1434360201100
h,1434360201198
e,1434360201268
*SPACE*,1434360201413
m,1434360201533
a,1434360201580
p,1434360201698
*SPACE*,1434360201904
I,1434360202840
*SPACE*,1434360202968
g,1434360203613
u,1434360203682
e,1434360203773
s,1434360203983
s,1434360204173
*SPACE*,1434360204222
w,1434360204356
e,1434360204421
',1434360205154
l,1434360205679
l,1434360205822
*SPACE*,1434360206036
n,1434360206206
e,1434360206274
e,1434360206422
d,1434360206617
*SPACE*,1434360206683
t,1434360206826
h,1434360206870
e,1434360206976
*SPACE*,1434360207035
c,1434360207169
o,1434360207259
m,1434360207309
p,1434360207367
a,1434360207425
s,1434360207573
s,1434360207730
!,1434360208508
*ENTER*,1434360208930
y,1434360222027
e,1434360222262
s,1434360222367
",",1434360222576
*SPACE*,1434360222802
s,1434360222917
o,1434360222994
*SPACE*,1434360223214
a,1434360223502
g,1434360223824
r,1434360224035
e,1434360224089
e,1434360224275
d,1434360224440
*SPACE*,1434360224620
y,1434360224962
e,1434360225184
s,1434360225442
*SPACE*,1434360225599
t,1434360225751
h,1434360225841
e,1434360225940
n,1434360226036
*ENTER*,1434360226524
a,1434360235245
n,1434360235345
d,1434360235449
*SPACE*,1434360235570
t,1434360235992
o,1434360236205
*SPACE*,1434360236382
f,1434360236489
i,1434360236543
n,1434360236644
i,1434360236714
s,1434360236788
h,1434360236918
",",1434360237176
*SPACE*,1434360237293
t,1434360237432
h,1434360237501
e,1434360237541
*SPACE*,1434360237667
c,1434360237770
o,1434360237881
i,1434360237902
*BS*,1434360238519
*BS*,1434360238601
*BS*,1434360239166
*BS*,1434360239243
*BS*,1434360239568
*BS*,1434360239625
*BS*,1434360239697
*BS*,1434360239785
r,1434360240397
e,1434360240461
i,1434360240684
s,1434360240756
*SPACE*,1434360240833
n,1434360241018
o,1434360241070
*SPACE*,1434360241200
c,1434360241357
o,1434360241420
n,1434360241484
e,1434360241604
i,1434360242003
v,1434360242159
a,1434360242320
b,1434360242528
l,1434360242676
e,1434360242809
*SPACE*,1434360242958
r,1434360243375
e,1434360243425
a,1434360243604
s,1434360243670
o,1434360243749
n,1434360243833
*SPACE*,1434360244033
t,1434360244122
o,1434360244223
*SPACE*,1434360244324
l,1434360244508
e,1434360244573
a,1434360244701
v,1434360244804
e,1434360244888
*SPACE*,1434360244977
c,1434360245415
o,1434360245466
*BS*,1434360245833
*BS*,1434360245922
h,1434360246054
o,1434360246123
c,1434360246291
l,1434360246599
*BS*,1434360247183
*BS*,1434360247255
o,1434360247416
l,1434360247602
a,1434360247672
t,1434360247757
e,1434360247832
*SPACE*,1434360247966
b,1434360248160
e,1434360248269
h,1434360248422
i,1434360248491
n,1434360248577
d,1434360248701
!,1434360249165
*ENTER*,1434360249923
a,1434360251153
*SPACE*,1434360251339
b,1434360251479
e,1434360251586
a,1434360251750
r,1434360251822
*SPACE*,1434360251888
w,1434360251984
o,1434360252062
u,1434360252154
*BS*,1434360252413
*BS*,1434360252517
*BS*,1434360252600
*BS*,1434360252696
*BS*,1434360253029
*BS*,1434360253140
w,1434360253480
o,1434360253559
u,1434360253634
l,1434360253778
d,1434360253833
*SPACE*,1434360254030
e,1434360254212
a,1434360254366
t,1434360254533
*SPACE*,1434360254616
i,1434360254659
t,1434360254742
*ENTER*,1434360255050
m,1434360299897
a,1434360300042
y,1434360300262
b,1434360301601
e,1434360301769
*BS*,1434360306427
*BS*,1434360306505
*BS*,1434360306585
*BS*,1434360306651
*BS*,1434360306733
*BS*,1434360306796
*BS*,1434360306877
*BS*,1434360306941
*BS*,1434360307006
*BS*,1434360307105
t,1434360307682
u,1434360307795
r,1434360307930
e,1434360307983
.,1434360308118
*SPACE*,1434360308326
*BS*,1434360308939
*BS*,1434360309053
*BS*,1434360309245
*BS*,1434360309327
*BS*,1434360309387
*BS*,1434360309464
*BS*,1434360309534
*BS*,1434360309606
*BS*,1434360309681
*BS*,1434360309742
r,1434360310413
u,1434360310560
e,1434360310661
.,1434360311304
*SPACE*,1434360311520
o,1434360311953
k,1434360312044
*SPACE*,1434360312320
s,1434360312522
o,1434360312586
*SPACE*,1434360312690
a,1434360312792
g,1434360312914
r,1434360313140
e,1434360313193
e,1434360313334
d,1434360313508
*SPACE*,1434360313562
o,1434360313689
n,1434360313791
*SPACE*,1434360313967
c,1434360314199
h,1434360314322
o,1434360314415
c,1434360314745
o,1434360314876
l,1434360315037
a,1434360315106
t,1434360315203
e,1434360315360
*SPACE*,1434360315406
y,1434360315528
e,1434360315711
s,1434360315902
.,1434360316260
*SPACE*,1434360316689
s,1434360317227
h,1434360317366
a,1434360317566
l,1434360317672
l,1434360317827
*SPACE*,1434360318050
w,1434360318170
e,1434360318231
*SPACE*,1434360318317
s,1434360318433
u,1434360318773
b,1434360318917
m,1434360319077
i,1434360319264
t,1434360319318
*SPACE*,1434360319495
o,1434360319663
u,1434360319727
r,1434360319819
*SPACE*,1434360319968
a,1434360320062
n,1434360320190
w,1434360320274
s,1434360320622
e,1434360320843
r,1434360320908
s,1434360321050
?,1434360321276
*SPACE*,1434360321575
w,1434360321870
e,1434360321939
*SPACE*,1434360322078
a,1434360322164
r,1434360322233
e,1434360322297
n,1434360322381
t,1434360322511
*SPACE*,1434360322596
s,1434360322837
u,1434360323085
p,1434360323278
p,1434360323423
o,1434360323483
s,1434360323594
e,1434360323679
d,1434360323873
*SPACE*,1434360323936
t,1434360324063
o,1434360324097
*SPACE*,1434360324177
r,1434360324232
e,1434360324277
v,1434360324469
i,1434360324536
e,1434360324624
w,1434360324666
*SPACE*,1434360324778
t,1434360324883
h,1434360324964
e,1434360325073
m,1434360325142
*SPACE*,1434360325288
i,1434360326335
*SPACE*,1434360326407
d,1434360326499
o,1434360326585
n,1434360326662
t,1434360326758
*SPACE*,1434360326827
t,1434360326944
h,1434360326998
i,1434360327042
n,1434360327102
k,1434360327210
*ENTER*,1434360327497
i,1434360337673
n,1434360337744
*SPACE*,1434360337918
c,1434360338007
a,1434360338135
s,1434360338204
e,1434360338381
*SPACE*,1434360338487
o,1434360338531
f,1434360338610
*SPACE*,1434360338763
e,1434360338874
m,1434360338881
e,1434360339031
r,1434360339079
g,1434360339256
e,1434360339443
n,1434360339520
c,1434360339594
y,1434360339845
!,1434360340172
*ENTER*,1434360341558
o,1434360346001
r,1434360346134
*SPACE*,1434360346268
j,1434360346450
u,1434360346623
s,1434360346630
t,1434360346793
*SPACE*,1434360346882
b,1434360347059
e,1434360347068
c,1434360347191
a,1434360347330
u,1434360347447
s,1434360347539
e,1434360347697
*SPACE*,1434360347882
t,1434360348867
h,1434360348946
e,1434360349014
r,1434360349076
e,1434360349170
*SPACE*,1434360349353
w,1434360349543
e,1434360349596
r,1434360349684
e,1434360349762
*SPACE*,1434360349941
s,1434360350021
o,1434360350113
m,1434360350196
e,1434360350334
*SPACE*,1434360350411
g,1434360351091
u,1434360351253
n,1434360351335
*SPACE*,1434360351522
h,1434360351715
a,1434360351817
p,1434360352061
y,1434360352157
*SPACE*,1434360352326
f,1434360353091
o,1434360353209
l,1434360353367
k,1434360353457
*SPACE*,1434360353674
o,1434360353816
n,1434360353885
*SPACE*,1434360354062
t,1434360354076
h,1434360354265
e,1434360354281
*SPACE*,1434360354416
p,1434360354632
a,1434360354718
l,1434360354728
v,1434360354896
e,1434360354968
*BS*,1434360355554
*BS*,1434360355622
*BS*,1434360355691
*BS*,1434360355764
*BS*,1434360355841
*BS*,1434360355920
*BS*,1434360355980
*BS*,1434360356080
l,1434360356333
a,1434360356400
v,1434360356516
e,1434360356613
*BS*,1434360356999
*BS*,1434360357061
*BS*,1434360357126
*BS*,1434360357213
n,1434360357381
e,1434360357526
*ENTER*,1434360357902
o,1434360381257
k,1434360381319
",",1434360381642
*SPACE*,1434360381876
l,1434360382582
e,1434360382683
t,1434360382734
s,1434360382961
*SPACE*,1434360383046
d,1434360383172
o,1434360383220
*SPACE*,1434360383290
t,1434360383382
h,1434360383487
a,1434360383546
t,1434360383669
*SPACE*,1434360383727
n,1434360383890
o,1434360383954
w,1434360384023
*ENTER*,1434360384557
h,1434360424710
a,1434360424817
",",1434360425007
*SPACE*,1434360425110
y,1434360425351
e,1434360425424
s,1434360425641
.,1434360425797
*SPACE*,1434360425956
i,1434360430325
v,1434360430620
e,1434360430775
*SPACE*,1434360430905
n,1434360431071
e,1434360431097
v,1434360431211
e,1434360431412
r,1434360431430
*SPACE*,1434360431516
b,1434360431654
e,1434360431701
e,1434360431846
n,1434360431928
*SPACE*,1434360432073
a,1434360432175
*BS*,1434360432655
*BS*,1434360432759
i,1434360433158
n,1434360433206
*SPACE*,1434360433400
a,1434360433466
*SPACE*,1434360433580
s,1434360434009
m,1434360434150
a,1434360434253
l,1434360434371
l,1434360434491
*SPACE*,1434360434755
p,1434360434910
a,1434360434964
l,1434360434980
n,1434360435294
e,1434360435447
*BS*,1434360435930
*BS*,1434360436023
*BS*,1434360436080
*BS*,1434360436152
*BS*,1434360436218
*BS*,1434360436296
*BS*,1434360436360
*BS*,1434360436460
l,1434360436577
a,1434360436747
n,1434360436950
e,1434360437101
*SPACE*,1434360437247
a,1434360437457
s,1434360437518
*BS*,1434360437789
*BS*,1434360437867
n,1434360438067
d,1434360438199
*SPACE*,1434360438316
i,1434360438406
t,1434360438529
s,1434360438774
*SPACE*,1434360438883
b,1434360439147
e,1434360439295
s,1434360439479
t,1434360439674
*SPACE*,1434360439758
i,1434360439831
f,1434360439918
*SPACE*,1434360439982
i,1434360440043
t,1434360440128
',1434360440323
s,1434360440421
*SPACE*,1434360440560
a,1434360440629
*SPACE*,1434360440781
r,1434360440795
a,1434360440936
r,1434360441011
e,1434360441100
*SPACE*,1434360441223
o,1434360441376
c,1434360441508
c,1434360441658
u,1434360442230
r,1434360442308
r,1434360442435
e,1434360442531
n,1434360442767
c,1434360442993
e,1434360443046
*ENTER*,1434360444472
y,1434360445587
e,1434360445706
s,1434360445804
",",1434360445952
*SPACE*,1434360446065
g,1434360446207
o,1434360446318
o,1434360446443
d,1434360446534
*SPACE*,1434360446635
t,1434360446743
o,1434360446825
*SPACE*,1434360446871
c,1434360447015
h,1434360447094
a,1434360447111
t,1434360447222
*ENTER*,1434360447682
b,1434360475638
a,1434360475747
c,1434360475820
k,1434360475973
*SPACE*,1434360476151
t,1434360476254
o,1434360476319
*SPACE*,1434360476415
u,1434360476674
n,1434360476737
p,1434360477173
a,1434360477267
c,1434360477339
k,1434360477446
i,1434360477602
n,1434360477666
g,1434360477735
*SPACE*,1434360477837
f,1434360477906
o,1434360477992
r,1434360478072
*SPACE*,1434360478167
m,1434360478308
e,1434360478368
.,1434360478558
*SPACE*,1434360478739
h,1434360478995
a,1434360479132
v,1434360479241
e,1434360479308
*SPACE*,1434360479461
a,1434360479590
*SPACE*,1434360479712
g,1434360480030
o,1434360480088
o,1434360480218
d,1434360480333
*SPACE*,1434360480450
*BS*,1434360481289
*BS*,1434360481366
*SPACE*,1434360482133
d,1434360482272
a,1434360482336
y,1434360482792
.,1434360483364
*ENTER*,1434360484092
