H,1435051649807
i,1435051649943
*SPACE*,1435051650391
G,1435051651134
r,1435051651255
a,1435051651406
h,1435051651495
a,1435051651599
m,1435051651735
.,1435051654255
*SPACE*,1435051654599
A,1435051655200
r,1435051655519
e,1435051655599
*SPACE*,1435051655775
y,1435051656287
o,1435051656511
u,1435051656591
*SPACE*,1435051656919
g,1435051660734
o,1435051660774
o,1435051660909
d,1435051661053
*SPACE*,1435051661198
t,1435051661309
o,1435051661398
*SPACE*,1435051661622
g,1435051662542
o,1435051662637
?,1435051664550
*ENTER*,1435051665853
O,1435051859287
k,1435051859525
a,1435051859822
y,1435051859894
.,1435051861822
*SPACE*,1435051861885
S,1435051862918
o,1435051863046
*SPACE*,1435051863262
w,1435051863334
e,1435051863398
*SPACE*,1435051863525
s,1435051863782
t,1435051863870
a,1435051863950
r,1435051864086
t,1435051864121
*SPACE*,1435051864366
w,1435051864470
i,1435051864550
t,1435051864662
h,1435051864742
*SPACE*,1435051864965
t,1435051865054
h,1435051865134
e,1435051865190
*SPACE*,1435051865293
d,1435051870160
i,1435051870176
s,1435051870207
c,1435051870432
u,1435051870553
s,1435051870664
s,1435051870808
i,1435051870904
n,1435051870968
g,1435051871064
*SPACE*,1435051871528
t,1435051871608
h,1435051871680
e,1435051871752
*SPACE*,1435051871880
b,1435051872992
a,1435051873184
l,1435051873344
l,1435051873464
*SPACE*,1435051873640
o,1435051873792
f,1435051873912
*SPACE*,1435051874048
s,1435051874280
t,1435051874368
e,1435051874512
e,1435051874640
l,1435051874744
*SPACE*,1435051875216
w,1435051875431
o,1435051875496
o,1435051875632
l,1435051875808
?,1435051876704
*ENTER*,1435051888340
I,1435051916736
*SPACE*,1435051917024
s,1435051919336
a,1435051919521
i,1435051919593
d,1435051919696
*SPACE*,1435051920337
',1435051921841
n,1435051922041
o,1435051922105
',1435051922409
",",1435051925907
*SPACE*,1435051925918
I,1435051926059
*SPACE*,1435051926267
c,1435051926363
o,1435051926491
u,1435051926547
l,1435051926715
d,1435051926763
n,1435051926923
',1435051927028
t,1435051927123
*SPACE*,1435051927691
t,1435051928131
h,1435051928195
i,1435051928251
n,1435051928443
k,1435051928507
*SPACE*,1435051928683
o,1435051928827
f,1435051928923
*SPACE*,1435051929035
a,1435051929139
*SPACE*,1435051929235
v,1435051930924
a,1435051931051
l,1435051931123
i,1435051931316
d,1435051931380
*SPACE*,1435051931572
*BS*,1435051932164
*BS*,1435051932218
*BS*,1435051932299
*BS*,1435051932354
*BS*,1435051932443
*BS*,1435051932490
*BS*,1435051932572
*BS*,1435051932627
*BS*,1435051932708
*BS*,1435051932770
*BS*,1435051932844
*BS*,1435051932915
*BS*,1435051933052
*BS*,1435051933131
n,1435051933524
*SPACE*,1435051933724
i,1435051933908
m,1435051933941
p,1435051934148
o,1435051934316
r,1435051934412
t,1435051934564
a,1435051934692
n,1435051934804
t,1435051934875
*SPACE*,1435051935012
u,1435051935212
s,1435051935316
e,1435051935492
*SPACE*,1435051935636
f,1435051936484
o,1435051936556
r,1435051936660
*SPACE*,1435051936748
i,1435051936908
t,1435051936964
.,1435051937484
*ENTER*,1435051937683
A,1435051978813
h,1435051978941
",",1435051979702
*SPACE*,1435051979749
I,1435051979981
*SPACE*,1435051980301
d,1435051980525
i,1435051980581
d,1435051980693
n,1435051980773
',1435051980845
t,1435051980989
*SPACE*,1435051981469
k,1435051981629
n,1435051981685
o,1435051981837
w,1435051981901
*SPACE*,1435051982053
t,1435051982149
h,1435051982229
a,1435051982349
t,1435051982421
.,1435051983029
*ENTER*,1435052003258
G,1435052012185
i,1435052012353
v,1435052012457
e,1435052012513
n,1435052012600
*SPACE*,1435052012777
t,1435052012865
h,1435052012953
a,1435052013049
t,1435052013153
*SPACE*,1435052013353
t,1435052013465
h,1435052013545
e,1435052013593
*SPACE*,1435052013729
l,1435052015281
i,1435052015468
g,1435052015689
h,1435052015745
t,1435052015937
e,1435052016017
r,1435052016169
*SPACE*,1435052016249
h,1435052016416
a,1435052016497
s,1435052016577
*SPACE*,1435052016713
n,1435052016913
o,1435052016985
*SPACE*,1435052017193
f,1435052017329
u,1435052017417
e,1435052017513
l,1435052017689
*SPACE*,1435052020593
t,1435052021233
h,1435052021297
e,1435052021393
r,1435052021569
e,1435052021721
*SPACE*,1435052021817
d,1435052021985
o,1435052022097
e,1435052022169
s,1435052022337
n,1435052022417
',1435052022489
t,1435052022633
*SPACE*,1435052022769
s,1435052022889
e,1435052023089
e,1435052023217
m,1435052023289
*SPACE*,1435052023465
t,1435052023569
o,1435052023625
*SPACE*,1435052023817
b,1435052023985
e,1435052024057
*SPACE*,1435052024193
a,1435052024377
n,1435052024459
y,1435052024649
*SPACE*,1435052025089
o,1435052025441
t,1435052025777
h,1435052025826
e,1435052025937
r,1435052026114
*SPACE*,1435052026265
w,1435052026354
a,1435052026530
y,1435052026625
*SPACE*,1435052026930
o,1435052027138
f,1435052027193
*SPACE*,1435052027313
l,1435052027450
i,1435052027642
g,1435052027745
h,1435052027840
t,1435052027932
i,1435052028031
n,1435052028082
g,1435052028186
*SPACE*,1435052028289
a,1435052028378
*SPACE*,1435052028466
f,1435052028602
i,1435052028722
r,1435052028802
e,1435052028878
",",1435052029562
*SPACE*,1435052029610
s,1435052031266
o,1435052031321
*SPACE*,1435052031595
I,1435052031834
*SPACE*,1435052032395
t,1435052033475
h,1435052033546
i,1435052033610
n,1435052033858
k,1435052033906
*SPACE*,1435052034474
t,1435052035458
h,1435052035524
e,1435052035618
*SPACE*,1435052036612
w,1435052036842
o,1435052036890
o,1435052037050
l,1435052037250
*SPACE*,1435052037482
w,1435052037898
o,1435052037970
u,1435052038026
l,1435052038210
d,1435052038292
*SPACE*,1435052038595
b,1435052038779
e,1435052038875
*SPACE*,1435052039027
g,1435052039195
o,1435052039266
o,1435052039426
d,1435052039571
*SPACE*,1435052039698
t,1435052039835
o,1435052039914
*SPACE*,1435052040154
t,1435052040235
a,1435052040426
k,1435052040522
e,1435052040643
.,1435052041075
*ENTER*,1435052041330
O,1435052062607
K,1435052062647
*ENTER*,1435052063294
I,1435052070099
*SPACE*,1435052070362
t,1435052070586
h,1435052070746
o,1435052071490
u,1435052071570
g,1435052071698
h,1435052071802
t,1435052071882
*SPACE*,1435052072026
t,1435052072106
h,1435052072194
e,1435052072274
*SPACE*,1435052072378
A,1435052073922
x,1435052074194
e,1435052074418
*SPACE*,1435052074666
w,1435052074770
a,1435052075010
s,1435052075074
*SPACE*,1435052075250
a,1435052075338
*SPACE*,1435052075458
f,1435052076594
a,1435052076754
i,1435052076890
r,1435052076970
l,1435052077131
y,1435052077202
*SPACE*,1435052077666
c,1435052077899
l,1435052078114
e,1435052078202
a,1435052078370
r,1435052078442
*SPACE*,1435052079202
y,1435052082219
e,1435052082282
s,1435052082539
.,1435052084083
*SPACE*,1435052084692
G,1435052084883
o,1435052085043
o,1435052085170
d,1435052085267
*SPACE*,1435052085402
f,1435052085458
o,1435052085555
r,1435052085629
*SPACE*,1435052085771
c,1435052093638
u,1435052093654
t,1435052093789
t,1435052093918
i,1435052094013
n,1435052094085
g,1435052094142
*SPACE*,1435052094870
t,1435052095421
r,1435052095478
e,1435052095582
e,1435052095733
s,1435052095949
*SPACE*,1435052096206
f,1435052096285
o,1435052096382
r,1435052096461
*SPACE*,1435052096846
s,1435052097021
h,1435052097102
e,1435052097517
l,1435052097622
t,1435052097766
e,1435052097926
r,1435052097982
",",1435052098190
*SPACE*,1435052098237
f,1435052100086
i,1435052100198
r,1435052100286
e,1435052100358
w,1435052100606
o,1435052100734
o,1435052100878
d,1435052100982
",",1435052103829
*SPACE*,1435052103910
r,1435052104054
a,1435052104238
f,1435052104397
t,1435052104446
s,1435052104518
*SPACE*,1435052104796
e,1435052104903
t,1435052105102
c,1435052105317
.,1435052105790
*ENTER*,1435052106022
I,1435052144206
*SPACE*,1435052144478
a,1435052144574
l,1435052144686
s,1435052144782
o,1435052144870
*SPACE*,1435052145214
s,1435052145342
a,1435052145446
i,1435052145550
d,1435052145646
*SPACE*,1435052145758
y,1435052145990
e,1435052146046
s,1435052146230
*SPACE*,1435052146310
t,1435052146446
o,1435052146519
*SPACE*,1435052146694
t,1435052146782
h,1435052146854
e,1435052146894
*SPACE*,1435052147039
g,1435052147158
u,1435052147246
n,1435052147302
.,1435052147998
*SPACE*,1435052148054
C,1435052148830
a,1435052148999
n,1435052149094
a,1435052149959
d,1435052150102
a,1435052150174
*SPACE*,1435052150486
h,1435052150767
a,1435052150886
s,1435052150967
*SPACE*,1435052151127
b,1435052152343
e,1435052152414
a,1435052152615
r,1435052152718
s,1435052152919
*SPACE*,1435052153063
a,1435052153135
n,1435052153230
d,1435052153303
*SPACE*,1435052155127
c,1435052155663
o,1435052155919
y,1435052156111
o,1435052156247
t,1435052156335
e,1435052156423
s,1435052156663
*SPACE*,1435052158271
a,1435052158398
n,1435052158487
d,1435052158575
*SPACE*,1435052158687
t,1435052158775
h,1435052158854
e,1435052158871
*SPACE*,1435052159311
l,1435052160087
i,1435052160303
k,1435052160495
e,1435052160575
*SPACE*,1435052166562
s,1435052166577
o,1435052166674
*SPACE*,1435052166930
w,1435052167074
o,1435052167154
u,1435052167210
l,1435052167370
d,1435052167442
*SPACE*,1435052167562
b,1435052167746
e,1435052167811
*SPACE*,1435052167954
n,1435052171618
e,1435052171738
c,1435052171867
e,1435052171986
s,1435052172226
s,1435052172386
a,1435052172522
r,1435052172634
y,1435052172698
*SPACE*,1435052172947
f,1435052173058
o,1435052173146
r,1435052173234
*SPACE*,1435052173362
p,1435052173611
r,1435052173891
o,1435052174011
t,1435052174171
e,1435052174291
c,1435052174539
t,1435052174620
i,1435052174875
o,1435052174917
n,1435052174995
.,1435052175707
*SPACE*,1435052175931
I,1435052176147
t,1435052176395
*SPACE*,1435052176482
c,1435052176667
o,1435052176731
u,1435052176779
l,1435052176939
d,1435052177003
*SPACE*,1435052177131
a,1435052177211
l,1435052177339
s,1435052177442
o,1435052177522
*SPACE*,1435052177786
b,1435052177963
e,1435052178065
*SPACE*,1435052178180
u,1435052178371
s,1435052178419
e,1435052178603
d,1435052178787
*SPACE*,1435052178899
t,1435052180219
o,1435052180295
*SPACE*,1435052180539
g,1435052181829
r,1435052181876
a,1435052182035
b,1435052182139
*SPACE*,1435052182347
a,1435052182475
t,1435052182563
t,1435052182691
e,1435052182803
n,1435052182947
t,1435052183059
i,1435052183211
o,1435052183251
n,1435052183315
*SPACE*,1435052183499
w,1435052184051
i,1435052184107
t,1435052184227
h,1435052184316
*SPACE*,1435052184556
t,1435052184643
h,1435052184707
e,1435052184787
*SPACE*,1435052184948
n,1435052185244
o,1435052185444
i,1435052185507
s,1435052185587
e,1435052185747
.,1435052186308
,1435052186748
,1435052186964
,1435052187228
,1435052187509
,1435052187668
,1435052187820
,1435052188180
h,1435052190588
u,1435052190652
m,1435052190900
a,1435052190980
n,1435052191092
*SPACE*,1435052191244
,1435052192332
*ENTER*,1435052192659
A,1435052210180
*SPACE*,1435052210508
b,1435052210804
i,1435052210860
t,1435052210980
*SPACE*,1435052211764
d,1435052212252
a,1435052212396
n,1435052212492
g,1435052212740
e,1435052212868
r,1435052213052
o,1435052213148
u,1435052213188
s,1435052213308
",",1435052214092
*SPACE*,1435052214126
p,1435052214356
o,1435052214549
t,1435052214652
e,1435052214732
n,1435052214868
t,1435052214908
i,1435052215036
a,1435052215124
l,1435052215244
l,1435052215388
y,1435052215468
",",1435052216317
*SPACE*,1435052216397
t,1435052216604
h,1435052216741
o,1435052216916
u,1435052216981
g,1435052217109
h,1435052217204
.,1435052218943
*ENTER*,1435052219251
T,1435052281313
r,1435052281664
u,1435052281759
e,1435052281831
*SPACE*,1435052283976
:,1435052284448
-,1435052284695
),1435052284912
*ENTER*,1435052285422
I,1435052286509
*SPACE*,1435052286923
s,1435052287007
a,1435052287119
i,1435052287223
d,1435052287319
*SPACE*,1435052287528
n,1435052287944
o,1435052288000
*SPACE*,1435052288248
f,1435052288320
o,1435052288384
r,1435052288488
*SPACE*,1435052288571
t,1435052288640
h,1435052288728
e,1435052288763
*SPACE*,1435052288904
b,1435052289096
u,1435052289160
t,1435052289360
t,1435052289480
e,1435052289583
r,1435052289744
.,1435052290231
*SPACE*,1435052290696
I,1435052290920
*SPACE*,1435052295206
w,1435052295246
e,1435052295406
n,1435052295502
t,1435052295606
*SPACE*,1435052295718
w,1435052295934
i,1435052296064
t,1435052296142
h,1435052296222
*SPACE*,1435052296438
t,1435052296494
h,1435052296590
e,1435052296646
*SPACE*,1435052296790
c,1435052297046
h,1435052297142
o,1435052297182
*BS*,1435052297694
*BS*,1435052297741
*BS*,1435052297830
*BS*,1435052297885
*BS*,1435052297958
*BS*,1435052298013
*BS*,1435052298097
*BS*,1435052298157
*BS*,1435052298230
*BS*,1435052298293
*BS*,1435052298358
*BS*,1435052298413
*BS*,1435052298486
*BS*,1435052298533
*BS*,1435052298606
*BS*,1435052298661
*BS*,1435052298742
*BS*,1435052298805
*BS*,1435052298878
*BS*,1435052298941
*BS*,1435052299014
*BS*,1435052299077
*BS*,1435052299151
*BS*,1435052299213
*BS*,1435052299286
*BS*,1435052299357
*BS*,1435052299422
*BS*,1435052299493
*BS*,1435052299566
*BS*,1435052299629
*BS*,1435052299703
*BS*,1435052299765
*BS*,1435052299847
*BS*,1435052299925
d,1435052300479
i,1435052300542
d,1435052300630
n,1435052300728
',1435052300878
t,1435052300974
*SPACE*,1435052302231
t,1435052302391
h,1435052302479
i,1435052302534
n,1435052302766
k,1435052302831
*SPACE*,1435052303047
i,1435052303294
t,1435052303366
*SPACE*,1435052303582
w,1435052303711
a,1435052303886
s,1435052303943
*SPACE*,1435052304055
n,1435052304895
u,1435052305047
t,1435052305159
r,1435052306471
i,1435052307159
t,1435052308655
i,1435052309167
o,1435052309423
u,1435052309449
s,1435052309551
*SPACE*,1435052309743
e,1435052309847
n,1435052309934
o,1435052310095
u,1435052310131
g,1435052310231
h,1435052310311
a,1435052310647
*SPACE*,1435052310807
*BS*,1435052311239
*BS*,1435052311350
*BS*,1435052311639
*BS*,1435052311702
*SPACE*,1435052311991
a,1435052312055
n,1435052312159
d,1435052312223
*SPACE*,1435052312343
w,1435052312527
o,1435052312655
u,1435052312684
l,1435052312863
d,1435052312935
*SPACE*,1435052313103
w,1435052313351
e,1435052313527
i,1435052313631
g,1435052313727
h,1435052313815
*SPACE*,1435052314792
q,1435052315111
u,1435052315247
i,1435052315311
t,1435052315409
e,1435052315495
*SPACE*,1435052315599
a,1435052315687
*SPACE*,1435052315767
l,1435052315928
o,1435052316103
t,1435052316159
.,1435052316368
*ENTER*,1435052320039
Y,1435052458057
e,1435052458160
a,1435052458306
h,1435052458377
",",1435052458641
*SPACE*,1435052458697
I,1435052458930
*SPACE*,1435052459121
w,1435052459225
a,1435052459433
s,1435052459641
n,1435052459810
',1435052460034
t,1435052460089
*SPACE*,1435052460425
s,1435052460738
u,1435052460834
r,1435052460962
e,1435052461034
*SPACE*,1435052461154
i,1435052461362
f,1435052461450
*SPACE*,1435052461610
I,1435052461770
*SPACE*,1435052461930
s,1435052462026
h,1435052462121
o,1435052462250
u,1435052462314
l,1435052462459
d,1435052462521
*SPACE*,1435052462666
m,1435052462826
e,1435052462900
n,1435052463154
t,1435052463282
i,1435052463370
o,1435052463425
n,1435052463546
*SPACE*,1435052463841
i,1435052464089
t,1435052464169
e,1435052464289
m,1435052464401
s,1435052464474
*SPACE*,1435052464578
f,1435052464738
u,1435052464802
r,1435052464921
t,1435052465058
h,1435052465130
e,1435052465171
r,1435052465330
*SPACE*,1435052465402
d,1435052465570
o,1435052465626
w,1435052465762
n,1435052465841
*SPACE*,1435052466010
t,1435052466081
h,1435052466171
e,1435052466250
*SPACE*,1435052466332
l,1435052466498
i,1435052466689
s,1435052466737
t,1435052466938
",",1435052467010
*SPACE*,1435052467049
b,1435052467290
u,1435052467323
t,1435052467402
*SPACE*,1435052467514
I,1435052467914
*SPACE*,1435052468114
w,1435052468170
e,1435052468330
n,1435052468418
t,1435052468514
*SPACE*,1435052468594
w,1435052468689
i,1435052468762
t,1435052468842
h,1435052468914
*SPACE*,1435052469114
t,1435052469186
h,1435052469266
e,1435052469273
*SPACE*,1435052469450
c,1435052469586
h,1435052469666
o,1435052469722
c,1435052469818
o,1435052469908
l,1435052470314
a,1435052470356
t,1435052470586
e,1435052470628
*SPACE*,1435052470738
i,1435052470914
n,1435052470962
s,1435052471082
t,1435052471202
e,1435052471274
a,1435052471418
d,1435052471490
*SPACE*,1435052471578
a,1435052471778
s,1435052471811
*SPACE*,1435052472218
i,1435052472410
t,1435052472490
*SPACE*,1435052472594
h,1435052472771
a,1435052472826
s,1435052472882
*SPACE*,1435052473034
b,1435052473610
o,1435052473658
t,1435052473730
h,1435052473834
*SPACE*,1435052474090
s,1435052474274
u,1435052474330
g,1435052474491
a,1435052474562
r,1435052474714
*SPACE*,1435052474851
a,1435052474906
n,1435052475002
d,1435052475082
*SPACE*,1435052475210
f,1435052475346
a,1435052475498
t,1435052475594
*SPACE*,1435052475850
a,1435052475915
n,1435052476026
d,1435052476100
*SPACE*,1435052476234
w,1435052477099
o,1435052477227
u,1435052477275
l,1435052477435
d,1435052477506
*SPACE*,1435052478851
p,1435052479027
r,1435052479106
o,1435052479203
b,1435052479379
a,1435052479466
b,1435052479587
l,1435052479620
y,1435052479699
*SPACE*,1435052479835
b,1435052480003
e,1435052480067
*SPACE*,1435052480171
l,1435052480331
i,1435052480515
g,1435052480610
h,1435052480683
t,1435052480795
e,1435052481042
r,1435052481131
.,1435052481258
*SPACE*,1435052481571
I,1435052481787
t,1435052481947
',1435052482242
s,1435052482323
*SPACE*,1435052482427
a,1435052482514
l,1435052482595
s,1435052482675
o,1435052482771
*SPACE*,1435052482954
m,1435052483139
o,1435052483180
r,1435052483235
e,1435052483283
*SPACE*,1435052483451
e,1435052483579
a,1435052483771
s,1435052483858
i,1435052483907
l,1435052483962
y,1435052484091
*SPACE*,1435052484259
d,1435052485899
i,1435052486035
v,1435052486163
v,1435052486307
i,1435052486419
e,1435052486506
d,1435052486675
*SPACE*,1435052486755
o,1435052486971
u,1435052487027
t,1435052487107
*SPACE*,1435052487700
t,1435052487851
o,1435052487931
*SPACE*,1435052488147
m,1435052488307
u,1435052488499
l,1435052488755
i,1435052488988
p,1435052489220
l,1435052489267
e,1435052489363
*SPACE*,1435052489685
p,1435052489868
e,1435052490324
o,1435052490419
p,1435052490572
l,1435052490620
e,1435052490875
?,1435052491219
,1435052494323
t,1435052495012
*ENTER*,1435052495491
A,1435052584974
h,1435052585141
",",1435052585765
*SPACE*,1435052585822
t,1435052585981
r,1435052586157
u,1435052586221
e,1435052586605
.,1435052587445
*ENTER*,1435052587981
I,1435052600321
*SPACE*,1435052601585
w,1435052601745
*BS*,1435052603545
*BS*,1435052603608
s,1435052603945
a,1435052604185
i,1435052604322
d,1435052604401
*SPACE*,1435052604529
n,1435052605065
o,1435052605113
*SPACE*,1435052605386
t,1435052605473
o,1435052605546
*SPACE*,1435052605729
t,1435052605818
h,1435052605890
e,1435052605937
*SPACE*,1435052606081
n,1435052606298
e,1435052606401
w,1435052606489
s,1435052606794
p,1435052607354
a,1435052607474
p,1435052607602
e,1435052607689
r,1435052607849
s,1435052608017
.,1435052608881
*SPACE*,1435052609410
W,1435052610954
h,1435052611162
i,1435052611187
l,1435052611241
e,1435052611321
*SPACE*,1435052611762
t,1435052611877
h,1435052611962
e,1435052612001
y,1435052612097
*SPACE*,1435052612313
c,1435052612402
o,1435052612498
u,1435052612572
l,1435052612709
d,1435052612770
*SPACE*,1435052612890
b,1435052613049
e,1435052613122
*SPACE*,1435052613242
u,1435052613410
s,1435052613473
e,1435052613649
d,1435052613834
*SPACE*,1435052613930
f,1435052614026
o,1435052614074
r,1435052614202
*SPACE*,1435052614274
f,1435052614482
i,1435052614562
r,1435052614665
e,1435052614754
s,1435052614962
",",1435052616874
*SPACE*,1435052616922
t,1435052617154
h,1435052617266
e,1435052618162
*SPACE*,1435052618458
a,1435052618706
x,1435052618946
e,1435052619114
*SPACE*,1435052619234
a,1435052619322
n,1435052619410
d,1435052619491
*SPACE*,1435052619634
p,1435052620579
l,1435052620707
e,1435052621003
n,1435052621323
t,1435052621579
i,1435052621763
f,1435052622051
u,1435052622130
l,1435052622194
*SPACE*,1435052622451
t,1435052622556
r,1435052622707
e,1435052622899
e,1435052623051
s,1435052623283
*SPACE*,1435052623867
s,1435052624651
h,1435052624723
o,1435052624875
u,1435052624939
l,1435052625075
d,1435052625131
*SPACE*,1435052625555
d,1435052625747
o,1435052625811
*SPACE*,1435052626035
t,1435052626115
h,1435052626170
e,1435052626227
*SPACE*,1435052626386
t,1435052626523
r,1435052626699
i,1435052626795
c,1435052626963
k,1435052627035
?,1435052628155
*SPACE*,1435052628851
T,1435052629115
h,1435052629338
e,1435052629395
y,1435052629491
*SPACE*,1435052629707
c,1435052629828
o,1435052629906
u,1435052629971
l,1435052630139
d,1435052630194
*SPACE*,1435052630331
a,1435052630402
l,1435052630498
s,1435052630595
o,1435052630667
*SPACE*,1435052631171
b,1435052631331
e,1435052631403
*SPACE*,1435052631532
u,1435052631699
s,1435052631763
e,1435052631955
d,1435052632131
*SPACE*,1435052632275
f,1435052632379
o,1435052632451
r,1435052632531
*SPACE*,1435052632675
c,1435052635787
o,1435052635870
v,1435052636083
e,1435052636163
r,1435052636331
/,1435052636627
w,1435052636811
a,1435052637003
r,1435052637134
m,1435052637235
t,1435052637347
h,1435052637467
",",1435052645740
*SPACE*,1435052645748
b,1435052645996
u,1435052646043
t,1435052646115
*SPACE*,1435052646260
I,1435052646436
*SPACE*,1435052646644
w,1435052646724
e,1435052646892
n,1435052646939
t,1435052647108
*SPACE*,1435052647171
w,1435052647291
i,1435052647356
t,1435052647475
h,1435052647540
*SPACE*,1435052647771
t,1435052647852
h,1435052647956
e,1435052647972
*SPACE*,1435052648172
e,1435052648388
x,1435052648644
t,1435052648788
r,1435052648821
a,1435052648891
*SPACE*,1435052649156
c,1435052649380
l,1435052649460
o,1435052649619
t,1435052649964
h,1435052650012
e,1435052650084
s,1435052650276
*SPACE*,1435052650364
i,1435052651028
n,1435052651108
s,1435052651444
t,1435052651547
e,1435052651652
a,1435052651924
d,1435052652004
.,1435052652964
*ENTER*,1435052653939
T,1435052688754
h,1435052688882
e,1435052688969
y,1435052689026
*SPACE*,1435052689266
a,1435052689402
r,1435052689658
e,1435052689706
*SPACE*,1435052689922
l,1435052690267
i,1435052690442
g,1435052690514
h,1435052690610
t,1435052690698
*SPACE*,1435052690994
w,1435052691098
e,1435052691330
i,1435052691425
g,1435052691530
h,1435052691610
t,1435052691698
",",1435052691898
*SPACE*,1435052691946
o,1435052692146
*SPACE*,1435052692322
I,1435052692482
*SPACE*,1435052692626
s,1435052692722
u,1435052692826
p,1435052693082
p,1435052693218
o,1435052693402
s,1435052693469
e,1435052693610
*SPACE*,1435052693674
i,1435052693817
t,1435052693859
*SPACE*,1435052694018
w,1435052694714
o,1435052694786
u,1435052694834
l,1435052695002
d,1435052695106
n,1435052695194
',1435052695298
t,1435052695394
*SPACE*,1435052695826
h,1435052696162
u,1435052696203
r,1435052696306
t,1435052696466
*SPACE*,1435052696554
t,1435052696650
o,1435052696714
*SPACE*,1435052696938
t,1435052697010
a,1435052697170
k,1435052697266
e,1435052697354
*SPACE*,1435052697466
t,1435052697562
h,1435052697657
e,1435052697730
m,1435052697866
*ENTER*,1435052698753
A,1435052764537
g,1435052764751
r,1435052764839
e,1435052765055
e,1435052765207
d,1435052765415
",",1435052766352
*SPACE*,1435052766423
l,1435052766688
e,1435052766767
t,1435052766983
',1435052767543
s,1435052767639
*SPACE*,1435052767823
g,1435052767935
o,1435052768023
*SPACE*,1435052768248
f,1435052768335
o,1435052768415
r,1435052768511
*SPACE*,1435052768615
y,1435052768863
e,1435052768935
s,1435052769135
.,1435052769247
*ENTER*,1435052778573
I,1435052782349
*SPACE*,1435052782830
s,1435052782925
a,1435052783021
i,1435052783125
d,1435052783229
*SPACE*,1435052783349
n,1435052783518
o,1435052783582
*SPACE*,1435052783798
t,1435052783909
o,1435052783957
*SPACE*,1435052784134
t,1435052784253
h,1435052784325
e,1435052784390
*SPACE*,1435052784502
l,1435052784670
i,1435052784861
g,1435052785096
h,1435052785145
t,1435052785333
e,1435052785421
r,1435052785565
*SPACE*,1435052789598
a,1435052789700
s,1435052789761
*SPACE*,1435052789878
i,1435052790125
t,1435052790237
*SPACE*,1435052790350
h,1435052790526
a,1435052790582
s,1435052790646
*SPACE*,1435052790750
n,1435052790918
o,1435052790974
*SPACE*,1435052791518
f,1435052792078
u,1435052792214
e,1435052792302
l,1435052792430
",",1435052792694
*SPACE*,1435052792751
b,1435052793006
u,1435052793054
t,1435052793126
*SPACE*,1435052793286
d,1435052794006
o,1435052794054
*SPACE*,1435052794254
y,1435052794478
o,1435052794606
u,1435052794670
*SPACE*,1435052794870
t,1435052794998
h,1435052795078
i,1435052795126
n,1435052795318
k,1435052795366
*SPACE*,1435052795606
i,1435052795814
t,1435052795894
',1435052796246
s,1435052796322
*SPACE*,1435052796446
n,1435052796622
e,1435052796718
c,1435052796838
e,1435052796910
s,1435052797150
s,1435052797294
a,1435052797422
r,1435052797510
y,1435052797552
*SPACE*,1435052797766
t,1435052797854
o,1435052797934
*SPACE*,1435052798110
s,1435052798206
t,1435052798327
a,1435052798414
r,1435052798534
t,1435052798569
*SPACE*,1435052798791
f,1435052798894
i,1435052799006
r,1435052799103
e,1435052799190
s,1435052799390
*SPACE*,1435052799494
w,1435052799598
i,1435052799671
t,1435052799790
h,1435052799870
*SPACE*,1435052800071
t,1435052800160
h,1435052800239
e,1435052800294
*SPACE*,1435052800446
s,1435052801119
t,1435052801190
e,1435052801343
e,1435052801479
l,1435052801606
*SPACE*,1435052801767
w,1435052801887
o,1435052801966
o,1435052802095
l,1435052802271
?,1435052802663
*ENTER*,1435052803549
I,1435052817915
',1435052819451
v,1435052819659
e,1435052819706
*SPACE*,1435052819819
s,1435052819971
e,1435052820154
e,1435052820267
n,1435052820362
*SPACE*,1435052820547
p,1435052821003
e,1435052821115
o,1435052821194
p,1435052821339
l,1435052821394
e,1435052821483
*SPACE*,1435052821586
s,1435052821739
t,1435052821850
a,1435052821939
r,1435052822107
t,1435052822149
*SPACE*,1435052822596
f,1435052822795
i,1435052822874
r,1435052822970
e,1435052823131
s,1435052823323
*SPACE*,1435052823435
w,1435052823739
i,1435052823811
t,1435052823931
h,1435052824003
*SPACE*,1435052824187
o,1435052824331
n,1435052824403
l,1435052824547
y,1435052824643
*SPACE*,1435052824748
w,1435052825100
o,1435052825222
o,1435052825357
d,1435052825467
*SPACE*,1435052825811
o,1435052826399
r,1435052826503
*BS*,1435052830585
*BS*,1435052830591
*BS*,1435052830600
*BS*,1435052830647
a,1435052831033
n,1435052831120
d,1435052831201
*SPACE*,1435052831297
i,1435052831449
t,1435052831528
*SPACE*,1435052831617
m,1435052831809
i,1435052831873
g,1435052831977
h,1435052832048
t,1435052832128
*SPACE*,1435052832281
b,1435052832449
e,1435052832513
*SPACE*,1435052832649
p,1435052832824
o,1435052833001
s,1435052833104
s,1435052833233
i,1435052833280
b,1435052833481
l,1435052833537
e,1435052833609
*SPACE*,1435052833737
t,1435052833913
*BS*,1435052834249
*BS*,1435052834312
w,1435052834633
i,1435052834713
t,1435052834825
h,1435052834897
*BS*,1435052836041
*BS*,1435052836088
*BS*,1435052836168
*BS*,1435052836240
*BS*,1435052836377
*BS*,1435052836456
*BS*,1435052837033
*BS*,1435052837088
i,1435052837329
n,1435052837393
*SPACE*,1435052837601
c,1435052837705
o,1435052837777
m,1435052837824
b,1435052838041
i,1435052838153
n,1435052838305
a,1435052838433
t,1435052838633
i,1435052838713
o,1435052838769
n,1435052838840
*SPACE*,1435052839025
w,1435052839128
i,1435052839209
t,1435052839313
h,1435052839377
*SPACE*,1435052839569
t,1435052839641
h,1435052839745
e,1435052839785
*SPACE*,1435052839945
o,1435052840227
*BS*,1435052840586
*BS*,1435052840641
w,1435052840738
o,1435052840857
o,1435052841001
l,1435052841193
.,1435052841418
*SPACE*,1435052842913
W,1435052843201
o,1435052843385
u,1435052843451
l,1435052843610
d,1435052843714
*SPACE*,1435052843825
a,1435052844185
*SPACE*,1435052844314
s,1435052844489
m,1435052844577
a,1435052844673
l,1435052844761
l,1435052844906
*SPACE*,1435052845121
s,1435052845714
p,1435052845850
a,1435052845962
r,1435052846186
k,1435052846289
*SPACE*,1435052846482
b,1435052846642
e,1435052846714
*SPACE*,1435052847154
e,1435052847346
n,1435052847426
o,1435052847602
u,1435052847665
g,1435052847786
h,1435052847883
*SPACE*,1435052848111
t,1435052848203
o,1435052848271
*SPACE*,1435052848530
s,1435052848914
t,1435052848979
a,1435052849114
r,1435052849215
t,1435052849252
s,1435052849346
*SPACE*,1435052849627
a,1435052849690
*SPACE*,1435052849785
f,1435052850042
i,1435052850138
r,1435052850217
e,1435052850273
?,1435052850562
T,1435052866931
h,1435052867139
a,1435052867203
t,1435052867323
*SPACE*,1435052867563
m,1435052867771
i,1435052867843
g,1435052867915
h,1435052868035
t,1435052868107
*SPACE*,1435052868259
b,1435052868435
e,1435052868499
*SPACE*,1435052868651
a,1435052868778
s,1435052868851
k,1435052868962
i,1435052869147
n,1435052869188
g,1435052869243
*SPACE*,1435052869379
t,1435052869426
o,1435052869530
o,1435052869675
*SPACE*,1435052869915
m,1435052870051
u,1435052870267
c,1435052870403
h,1435052870475
*SPACE*,1435052870763
o,1435052870923
f,1435052871027
*SPACE*,1435052871187
u,1435052875595
n,1435052875603
t,1435052875795
r,1435052875956
a,1435052876084
i,1435052876179
n,1435052876236
e,1435052876331
d,1435052876492
*SPACE*,1435052876590
s,1435052877181
u,1435052877428
r,1435052877515
v,1435052877796
i,1435052878179
v,1435052878636
o,1435052878788
r,1435052878852
s,1435052879068
.,1435052879171
*ENTER*,1435052879515
S,1435052892899
o,1435052893099
*SPACE*,1435052894107
w,1435052895659
e,1435052895771
l,1435052896131
*BS*,1435052896756
*BS*,1435052896826
',1435052897139
l,1435052897355
l,1435052897491
*SPACE*,1435052897660
s,1435052897765
a,1435052897835
y,1435052898003
*SPACE*,1435052898324
y,1435052898547
e,1435052898627
s,1435052898827
*SPACE*,1435052898884
t,1435052899027
o,1435052899091
*SPACE*,1435052899260
t,1435052899355
h,1435052899443
e,1435052899508
*SPACE*,1435052899627
l,1435052899827
i,1435052900019
g,1435052900131
h,1435052900203
t,1435052900307
e,1435052900427
r,1435052900523
*ENTER*,1435052900770
I,1435052909797
*SPACE*,1435052910009
a,1435052910077
l,1435052910198
s,1435052910265
o,1435052910351
*SPACE*,1435052910562
s,1435052910650
a,1435052910722
i,1435052910818
d,1435052910938
*SPACE*,1435052911027
y,1435052911263
e,1435052911316
s,1435052911518
*SPACE*,1435052911603
f,1435052911713
o,1435052911753
r,1435052911898
*SPACE*,1435052911962
t,1435052912058
h,1435052912138
e,1435052912154
*SPACE*,1435052912298
e,1435052912426
x,1435052912650
t,1435052912706
r,1435052912754
a,1435052912842
*SPACE*,1435052913026
c,1435052913162
l,1435052913258
o,1435052913418
t,1435052913722
h,1435052913778
e,1435052913842
s,1435052914042
.,1435052914186
*SPACE*,1435052918686
N,1435052918807
e,1435052918967
e,1435052919111
d,1435052919295
*SPACE*,1435052919382
t,1435052919502
o,1435052919558
*SPACE*,1435052919751
k,1435052919911
e,1435052920015
e,1435052920150
p,1435052920223
*SPACE*,1435052920455
w,1435052920511
a,1435052920687
r,1435052920783
m,1435052920855
.,1435052921079
*ENTER*,1435052921406
O,1435053008647
K,1435053008718
*ENTER*,1435053009589
I,1435053013998
*SPACE*,1435053014495
s,1435053014551
a,1435053014663
i,1435053014758
d,1435053014864
*SPACE*,1435053015010
n,1435053015223
o,1435053015287
*SPACE*,1435053015607
t,1435053015751
o,1435053015807
*SPACE*,1435053015999
t,1435053016079
h,1435053016159
e,1435053016192
*SPACE*,1435053016343
c,1435053016479
a,1435053016623
n,1435053016703
v,1435053016927
a,1435053017007
s,1435053017090
.,1435053018423
*SPACE*,1435053018847
I,1435053019095
t,1435053019238
*SPACE*,1435053019359
w,1435053019479
o,1435053019559
u,1435053019631
l,1435053019775
d,1435053019863
*SPACE*,1435053019983
b,1435053020151
e,1435053020223
*SPACE*,1435053020326
g,1435053020431
o,1435053020511
o,1435053020639
d,1435053020751
*SPACE*,1435053021159
f,1435053021264
o,1435053021327
r,1435053021431
*SPACE*,1435053021575
c,1435053021751
o,1435053021815
v,1435053022047
e,1435053022119
r,1435053022295
*SPACE*,1435053023151
b,1435053023392
u,1435053023439
t,1435053023503
*SPACE*,1435053023671
i,1435053023823
t,1435053023900
*SPACE*,1435053024087
w,1435053024264
o,1435053024364
u,1435053024399
l,1435053024559
d,1435053024663
*SPACE*,1435053024743
b,1435053024919
e,1435053024983
*SPACE*,1435053025359
t,1435053025519
o,1435053025711
o,1435053025847
*SPACE*,1435053026184
b,1435053026439
i,1435053026504
g,1435053026592
*SPACE*,1435053026728
a,1435053026807
n,1435053026903
d,1435053026967
*SPACE*,1435053027079
h,1435053027256
e,1435053027335
a,1435053027496
v,1435053027575
y,1435053027618
.,1435053028264
*ENTER*,1435053028622
P,1435053029740
l,1435053029923
u,1435053030163
s,1435053030225
*SPACE*,1435053031264
t,1435053031624
h,1435053031776
e,1435053031856
*BS*,1435053033312
*BS*,1435053033367
*BS*,1435053033464
*BS*,1435053033519
*BS*,1435053033607
*BS*,1435053033656
w,1435053034256
o,1435053034352
o,1435053034480
d,1435053034608
*SPACE*,1435053036072
c,1435053036240
o,1435053036336
u,1435053036384
l,1435053036552
d,1435053036600
*SPACE*,1435053036792
b,1435053037024
e,1435053037104
*SPACE*,1435053037448
u,1435053037608
s,1435053037688
e,1435053037856
d,1435053038024
*SPACE*,1435053038112
t,1435053038215
o,1435053038272
*SPACE*,1435053038472
m,1435053038648
a,1435053038736
k,1435053038842
e,1435053038904
*SPACE*,1435053039024
a,1435053039080
*SPACE*,1435053039192
c,1435053039376
o,1435053039488
v,1435053039705
e,1435053039768
r,1435053039849
/,1435053040296
s,1435053040472
t,1435053040680
r,1435053040824
u,1435053040928
c,1435053041072
t,1435053041192
u,1435053041264
r,1435053041328
e,1435053041392
*SPACE*,1435053041608
u,1435053041808
s,1435053041888
i,1435053041992
n,1435053042048
g,1435053042160
*SPACE*,1435053042272
t,1435053042339
h,1435053042408
e,1435053042424
*SPACE*,1435053042632
a,1435053042960
x,1435053043185
e,1435053043349
.,1435053043464
*ENTER*,1435053044199
Y,1435053134653
e,1435053134788
a,1435053134957
h,1435053135015
",",1435053135300
*SPACE*,1435053135356
t,1435053135508
h,1435053135572
a,1435053135692
t,1435053135741
',1435053136021
s,1435053136100
*SPACE*,1435053136268
w,1435053136356
h,1435053136453
a,1435053136597
t,1435053136676
*SPACE*,1435053137069
I,1435053137285
*SPACE*,1435053137613
t,1435053137781
h,1435053137836
o,1435053137973
u,1435053138042
g,1435053138148
h,1435053138237
t,1435053138316
.,1435053138677
*ENTER*,1435053139075
W,1435053145325
h,1435053145493
i,1435053145534
l,1435053145592
e,1435053145645
*SPACE*,1435053145981
t,1435053146045
h,1435053146141
e,1435053146182
*SPACE*,1435053146694
a,1435053146837
i,1435053146956
r,1435053147037
*SPACE*,1435053147221
m,1435053147405
a,1435053147484
p,1435053147581
*SPACE*,1435053148245
i,1435053156478
s,1435053156488
*BS*,1435053157519
*BS*,1435053158020
*BS*,1435053158104
*BS*,1435053158188
*BS*,1435053158273
*BS*,1435053158357
*BS*,1435053158442
*BS*,1435053158528
*BS*,1435053158611
*BS*,1435053158695
*BS*,1435053158779
*BS*,1435053158864
*BS*,1435053158948
*BS*,1435053159033
*BS*,1435053159117
*BS*,1435053159202
*BS*,1435053159286
*BS*,1435053159371
*BS*,1435053159455
*BS*,1435053159539
*BS*,1435053159624
*BS*,1435053159708
*BS*,1435053159793
*BS*,1435053159877
*BS*,1435053159901
I,1435053161775
*SPACE*,1435053162047
s,1435053162111
a,1435053162231
i,1435053162327
d,1435053162398
*SPACE*,1435053162591
y,1435053162831
e,1435053162934
s,1435053163135
*SPACE*,1435053163223
f,1435053163359
o,1435053163392
r,1435053163519
*SPACE*,1435053163599
t,1435053163703
h,1435053163783
e,1435053163831
*SPACE*,1435053163951
a,1435053164062
i,1435053164158
r,1435053164247
*SPACE*,1435053164342
m,1435053164535
a,1435053164615
p,1435053164697
.,1435053165639
*SPACE*,1435053167385
I,1435053167591
t,1435053167783
*SPACE*,1435053169959
m,1435053170255
i,1435053170335
g,1435053172023
h,1435053172120
t,1435053172191
*SPACE*,1435053172711
b,1435053172879
e,1435053172960
*SPACE*,1435053173072
c,1435053173175
o,1435053173247
n,1435053173289
f,1435053173383
u,1435053173479
s,1435053173567
i,1435053173671
n,1435053173706
g,1435053173759
*SPACE*,1435053173887
a,1435053173951
n,1435053174055
d,1435053174119
*SPACE*,1435053174239
h,1435053174583
a,1435053174616
v,1435053174728
e,1435053174783
*SPACE*,1435053174936
i,1435053175152
r,1435053175415
r,1435053175554
e,1435053175704
l,1435053175864
e,1435053176016
v,1435053176256
a,1435053176319
n,1435053176456
t,1435053176503
*SPACE*,1435053176728
i,1435053178184
n,1435053178232
f,1435053178327
o,1435053178440
r,1435053178488
m,1435053178640
a,1435053178688
t,1435053178864
i,1435053178944
o,1435053178984
n,1435053179072
*SPACE*,1435053179216
b,1435053179424
u,1435053179457
t,1435053179528
*SPACE*,1435053179657
i,1435053180064
t,1435053180119
*SPACE*,1435053180288
s,1435053180776
h,1435053180809
o,1435053180952
u,1435053181008
l,1435053181136
d,1435053181231
*BS*,1435053181712
*BS*,1435053181759
*BS*,1435053181840
*BS*,1435053181887
*BS*,1435053181960
*BS*,1435053182014
*BS*,1435053182096
*BS*,1435053182150
*BS*,1435053182232
*BS*,1435053182295
*BS*,1435053182536
*BS*,1435053182590
m,1435053182856
i,1435053182912
g,1435053183032
h,1435053183088
t,1435053183192
*BS*,1435053183504
*BS*,1435053183558
*BS*,1435053183632
*BS*,1435053183687
*BS*,1435053183768
*BS*,1435053183823
*BS*,1435053183904
*BS*,1435053183969
*BS*,1435053184176
*BS*,1435053184247
s,1435053184720
h,1435053184792
o,1435053184936
u,1435053185000
l,1435053185136
d,1435053185216
*SPACE*,1435053185328
h,1435053185512
a,1435053185616
v,1435053185880
e,1435053185945
*SPACE*,1435053186192
s,1435053186392
o,1435053186496
m,1435053186528
e,1435053186608
*SPACE*,1435053187168
l,1435053188216
*BS*,1435053188728
*BS*,1435053188783
g,1435053189144
r,1435053189248
o,1435053189344
u,1435053189378
n,1435053189600
d,1435053189688
*SPACE*,1435053189792
d,1435053189912
e,1435053190064
t,1435053190176
a,1435053190288
i,1435053190408
l,1435053190472
s,1435053190544
*SPACE*,1435053190721
t,1435053190857
h,1435053190968
a,1435053191048
t,1435053191113
*SPACE*,1435053191313
w,1435053191408
o,1435053191496
u,1435053191553
l,1435053191705
d,1435053191800
*SPACE*,1435053191896
h,1435053192080
e,1435053192193
l,1435053192322
p,1435053192393
*SPACE*,1435053192609
n,1435053192776
a,1435053192905
v,1435053193025
i,1435053193177
g,1435053193361
a,1435053193440
t,1435053193523
i,1435053193745
o,1435053193793
n,1435053193856
.,1435053194353
*ENTER*,1435053194576
I,1435053195289
*SPACE*,1435053195521
a,1435053195617
s,1435053195812
s,1435053195956
u,1435053196064
m,1435053196276
e,1435053196339
d,1435053196537
*SPACE*,1435053196633
',1435053196985
a,1435053197209
i,1435053197337
r,1435053197401
*SPACE*,1435053197865
m,1435053198081
a,1435053198153
p,1435053198272
|,1435053198449
*BS*,1435053199073
*BS*,1435053199120
',1435053199361
*SPACE*,1435053199681
m,1435053199897
e,1435053199970
a,1435053200097
n,1435053200185
t,1435053200273
*SPACE*,1435053200369
o,1435053200537
n,1435053200593
e,1435053200705
*SPACE*,1435053200790
f,1435053200914
o,1435053200949
r,1435053201060
*SPACE*,1435053201131
p,1435053201305
i,1435053201489
l,1435053201697
o,1435053201865
t,1435053201937
s,1435053202158
",",1435053209179
*SPACE*,1435053209186
b,1435053209403
u,1435053209451
t,1435053209531
*SPACE*,1435053210523
t,1435053210698
h,1435053210771
e,1435053210834
y,1435053210915
*SPACE*,1435053211564
s,1435053211771
e,1435053211963
e,1435053212083
m,1435053212155
*SPACE*,1435053212331
t,1435053212419
o,1435053212475
*SPACE*,1435053212659
h,1435053212787
a,1435053212874
v,1435053212963
e,1435053213043
*SPACE*,1435053213219
h,1435053214659
i,1435053214700
l,1435053214819
l,1435053215275
s,1435053215402
*SPACE*,1435053216411
a,1435053216498
n,1435053216586
d,1435053216667
*SPACE*,1435053216787
t,1435053217035
h,1435053217099
i,1435053217275
n,1435053217331
g,1435053217420
s,1435053217483
*SPACE*,1435053217987
o,1435053218227
n,1435053218275
*SPACE*,1435053218523
t,1435053218636
h,1435053218699
e,1435053218795
m,1435053218931
*SPACE*,1435053219611
w,1435053219803
h,1435053219859
i,1435053219907
c,1435053220027
h,1435053220107
*SPACE*,1435053220323
w,1435053220443
o,1435053220539
u,1435053220623
l,1435053220755
d,1435053220867
*SPACE*,1435053220995
b,1435053221635
e,1435053221707
*SPACE*,1435053221827
l,1435053221972
a,1435053222059
n,1435053222195
d,1435053222267
m,1435053222467
a,1435053222555
r,1435053222691
k,1435053222811
s,1435053222899
?,1435053223131
*ENTER*,1435053223842
T,1435053233852
*BS*,1435053235196
*BS*,1435053235223
T,1435053236044
r,1435053236164
u,1435053236396
e,1435053236476
",",1435053237180
*SPACE*,1435053237252
w,1435053237636
e,1435053237732
*SPACE*,1435053237820
d,1435053237940
o,1435053237996
n,1435053238044
',1435053238140
t,1435053238228
*SPACE*,1435053238436
k,1435053238588
n,1435053238636
o,1435053238788
w,1435053238868
*SPACE*,1435053239132
w,1435053239252
h,1435053239324
a,1435053239428
t,1435053239500
*SPACE*,1435053239708
t,1435053239788
h,1435053239884
e,1435053239892
*SPACE*,1435053240076
s,1435053240148
c,1435053240332
a,1435053240412
l,1435053240532
e,1435053240620
*SPACE*,1435053240700
i,1435053240869
s,1435053240924
*SPACE*,1435053241084
o,1435053241284
r,1435053241380
*SPACE*,1435053241502
e,1435053241628
v,1435053241716
e,1435053241820
n,1435053241916
*SPACE*,1435053242092
i,1435053242237
f,1435053242340
*SPACE*,1435053242492
i,1435053242637
t,1435053242694
s,1435053244424
*SPACE*,1435053247061
a,1435053250541
*SPACE*,1435053250557
m,1435053250670
a,1435053250765
p,1435053250822
*SPACE*,1435053250990
o,1435053251158
f,1435053251270
*SPACE*,1435053251382
t,1435053251461
h,1435053251534
e,1435053251575
*SPACE*,1435053251718
a,1435053251886
r,1435053252110
e,1435053252173
a,1435053252390
*SPACE*,1435053252493
n,1435053252878
e,1435053253133
a,1435053253302
r,1435053253382
*SPACE*,1435053253502
w,1435053253710
h,1435053253894
e,1435053254102
r,1435053254222
e,1435053254334
*SPACE*,1435053254503
t,1435053254654
h,1435053254734
e,1435053254822
y,1435053254895
*SPACE*,1435053255126
a,1435053255238
r,1435053255489
e,1435053255552
a,1435053261500
O,1435053262190
k,1435053262358
a,1435053262446
*BS*,1435053262934
*BS*,1435053262981
*BS*,1435053263046
*BS*,1435053263117
K,1435053263526
*ENTER*,1435053264549
F,1435053271918
i,1435053272039
g,1435053272158
h,1435053272231
t,1435053272319
i,1435053272439
n,1435053272511
g,1435053272583
*SPACE*,1435053272719
m,1435053273047
y,1435053273127
*SPACE*,1435053273232
i,1435053273423
n,1435053273471
n,1435053273639
*BS*,1435053274543
*BS*,1435053274606
*BS*,1435053274703
*BS*,1435053274750
*BS*,1435053274839
*BS*,1435053274894
S,1435053275863
c,1435053277087
o,1435053277343
t,1435053277431
t,1435053277551
i,1435053277623
s,1435053277847
h,1435053277911
n,1435053278127
e,1435053278199
s,1435053278423
s,1435053278567
",",1435053278839
*SPACE*,1435053278895
I,1435053279151
*SPACE*,1435053279343
s,1435053279431
a,1435053279559
i,1435053279655
d,1435053279736
*SPACE*,1435053279871
n,1435053280207
o,1435053280263
*SPACE*,1435053280935
t,1435053281023
o,1435053281095
*SPACE*,1435053281263
t,1435053281343
h,1435053281423
e,1435053281465
*SPACE*,1435053281991
w,1435053283072
i,1435053283176
s,1435053283519
*BS*,1435053285384
*BS*,1435053285430
*BS*,1435053285512
*BS*,1435053285582
h,1435053286000
i,1435053286047
s,1435053286352
k,1435053286487
y,1435053286591
.,1435053289897
*SPACE*,1435053290896
I,1435053293488
t,1435053293649
*SPACE*,1435053293768
d,1435053294760
e,1435053294896
h,1435053295088
y,1435053295264
d,1435053295504
r,1435053295656
a,1435053295712
t,1435053295840
e,1435053295912
s,1435053296128
*SPACE*,1435053296232
a,1435053296296
n,1435053296400
d,1435053296464
*SPACE*,1435053296784
c,1435053297016
a,1435053297168
u,1435053297536
s,1435053297616
e,1435053297776
s,1435053297976
*SPACE*,1435053298058
p,1435053298224
e,1435053298336
o,1435053298440
p,1435053298600
l,1435053298642
e,1435053298761
*SPACE*,1435053298865
w,1435053298979
i,1435053299048
t,1435053299168
h,1435053299224
*SPACE*,1435053299505
g,1435053299633
u,1435053299745
n,1435053299770
s,1435053299904
*SPACE*,1435053300057
t,1435053300169
o,1435053300233
*SPACE*,1435053300993
c,1435053301713
a,1435053301841
u,1435053301953
s,1435053302016
e,1435053302185
*SPACE*,1435053302297
*BS*,1435053303617
*BS*,1435053303728
*BS*,1435053303801
*BS*,1435053303864
*BS*,1435053303937
*BS*,1435053304000
*BS*,1435053304081
*BS*,1435053304136
*BS*,1435053304217
*BS*,1435053304272
*BS*,1435053304497
*BS*,1435053304560
d,1435053304897
o,1435053305297
*SPACE*,1435053305569
b,1435053305801
a,1435053305897
d,1435053305985
*SPACE*,1435053306105
t,1435053306241
h,1435053306337
i,1435053306457
n,1435053306537
g,1435053306585
s,1435053306665
.,1435053306785
*ENTER*,1435053307119
I,1435053317915
*SPACE*,1435053318970
h,1435053319171
a,1435053319267
d,1435053319347
*SPACE*,1435053319450
c,1435053319618
o,1435053319714
n,1435053319758
s,1435053319859
i,1435053320228
d,1435053320803
e,1435053322395
e,1435053322619
*BS*,1435053322979
*BS*,1435053323034
r,1435053323075
e,1435053323251
d,1435053323457
*SPACE*,1435053323619
i,1435053323787
t,1435053323852
',1435053324267
s,1435053324363
*SPACE*,1435053324555
u,1435053324691
s,1435053324771
e,1435053324923
*SPACE*,1435053325163
a,1435053325547
s,1435053325611
*SPACE*,1435053325875
a,1435053326547
*SPACE*,1435053328555
f,1435053328691
i,1435053328805
r,1435053328875
e,1435053328939
*SPACE*,1435053329099
a,1435053329211
c,1435053329587
c,1435053329732
e,1435053329875
l,1435053330371
e,1435053330747
r,1435053330939
a,1435053331059
n,1435053331211
t,1435053331283
",",1435053331475
*SPACE*,1435053331509
b,1435053331811
u,1435053331859
t,1435053331947
*SPACE*,1435053332100
d,1435053332332
i,1435053332412
d,1435053332516
n,1435053332628
',1435053332727
t,1435053332823
*SPACE*,1435053333212
t,1435053333364
h,1435053333459
i,1435053333507
n,1435053333700
k,1435053333756
*SPACE*,1435053333933
i,1435053334068
t,1435053334115
*SPACE*,1435053335204
w,1435053335428
o,1435053335515
u,1435053335572
l,1435053335740
d,1435053335788
*SPACE*,1435053335956
b,1435053336124
e,1435053336190
*SPACE*,1435053337820
u,1435053338020
s,1435053338100
e,1435053338268
f,1435053338436
u,1435053338483
l,1435053338540
*SPACE*,1435053338772
e,1435053338867
n,1435053338948
o,1435053339116
u,1435053339188
g,1435053339276
h,1435053339350
.,1435053340252
l,1435053343028
*BS*,1435053354301
*BS*,1435053354355
*ENTER*,1435053354712
O,1435053391083
K,1435053391114
*ENTER*,1435053391960
A,1435053395738
*SPACE*,1435053395938
s,1435053396090
o,1435053396194
l,1435053396370
i,1435053396578
d,1435053396666
*SPACE*,1435053397050
y,1435053397282
e,1435053397338
s,1435053397538
*SPACE*,1435053397682
f,1435053397834
o,1435053397906
r,1435053398026
*SPACE*,1435053398114
t,1435053398194
h,1435053398282
e,1435053398289
*SPACE*,1435053398466
c,1435053398634
o,1435053398762
m,1435053398810
p,1435053399026
a,1435053399154
s,1435053399226
s,1435053399394
",",1435053403242
*SPACE*,1435053403354
n,1435053403710
e,1435053403866
c,1435053403964
e,1435053404082
s,1435053404314
s,1435053404475
a,1435053404626
r,1435053404722
y,1435053404778
*SPACE*,1435053405058
f,1435053405146
o,1435053405234
r,1435053405330
*SPACE*,1435053405412
n,1435053405594
a,1435053405698
v,1435053405802
i,1435053405930
g,1435053406154
a,1435053406242
t,1435053406324
i,1435053406563
o,1435053406610
n,1435053407371
*SPACE*,1435053407575
a,1435053407618
n,1435053407730
d,1435053407778
*SPACE*,1435053407987
e,1435053408155
a,1435053408443
s,1435053408490
y,1435053408595
*SPACE*,1435053408811
t,1435053408923
o,1435053408994
*SPACE*,1435053409171
u,1435053409331
n,1435053409395
d,1435053409459
e,1435053409635
r,1435053409795
s,1435053410034
t,1435053410099
a,1435053410203
n,1435053410315
d,1435053410378
*SPACE*,1435053411794
e,1435053411939
v,1435053412019
e,1435053412139
n,1435053412221
*SPACE*,1435053412403
f,1435053412507
o,1435053412563
r,1435053412666
*SPACE*,1435053412747
n,1435053413371
o,1435053413435
v,1435053413659
i,1435053413794
e,1435053413867
s,1435053414066
?,1435053414307
*BS*,1435053414723
*BS*,1435053414770
*BS*,1435053414851
*BS*,1435053414906
*BS*,1435053414987
*BS*,1435053415042
c,1435053415707
e,1435053415763
s,1435053415955
?,1435053416835
*ENTER*,1435053419090
O,1435053425837
K,1435053425866
.,1435053426268
*SPACE*,1435053426604
A,1435053426900
n,1435053427100
d,1435053427164
*SPACE*,1435053427283
w,1435053427380
e,1435053427428
*SPACE*,1435053427748
a,1435053427892
l,1435053427988
r,1435053428092
e,1435053428251
a,1435053428420
d,1435053428476
y,1435053428540
*SPACE*,1435053428812
a,1435053429100
g,1435053429388
r,1435053429451
e,1435053429660
e,1435053429803
d,1435053429979
*SPACE*,1435053430044
o,1435053430228
n,1435053430276
*SPACE*,1435053430476
t,1435053430588
h,1435053430636
e,1435053430692
*SPACE*,1435053430812
c,1435053430956
h,1435053431028
o,1435053431084
c,1435053431188
o,1435053431283
l,1435053431508
a,1435053431556
t,1435053431764
e,1435053431828
*SPACE*,1435053431899
i,1435053432092
n,1435053432148
s,1435053432268
t,1435053432372
e,1435053432460
a,1435053432612
d,1435053432692
*SPACE*,1435053432764
o,1435053432908
f,1435053433003
*SPACE*,1435053433084
t,1435053433172
h,1435053433214
e,1435053433260
*SPACE*,1435053433427
b,1435053433588
u,1435053433636
t,1435053433724
t,1435053433860
e,1435053434004
r,1435053434068
?,1435053434615
*ENTER*,1435053434837
G,1435053451559
r,1435053451663
e,1435053451822
a,1435053451958
t,1435053452041
.,1435053452470
*SPACE*,1435053452686
A,1435053452975
l,1435053453103
t,1435053453263
h,1435053453342
o,1435053453487
u,1435053453550
g,1435053453647
h,1435053453734
*SPACE*,1435053454015
w,1435053454415
e,1435053454495
',1435053454663
v,1435053454806
e,1435053454887
*SPACE*,1435053455215
l,1435053456533
a,1435053456614
d,1435053456743
e,1435053456903
n,1435053456991
*SPACE*,1435053457183
t,1435053457278
h,1435053457367
e,1435053457431
*SPACE*,1435053457575
p,1435053458351
o,1435053458543
r,1435053458663
r,1435053458767
*SPACE*,1435053458991
*BS*,1435053459327
*BS*,1435053459373
*BS*,1435053459463
*BS*,1435053459509
*BS*,1435053459607
*BS*,1435053459654
o,1435053460735
r,1435053460799
*SPACE*,1435053461167
p,1435053461416
e,1435053461527
o,1435053461607
p,1435053461766
l,1435053461808
e,1435053461927
*SPACE*,1435053462046
w,1435053462167
i,1435053462255
t,1435053462366
h,1435053462455
*SPACE*,1435053462671
m,1435053462863
o,1435053462927
s,1435053462983
t,1435053463207
*SPACE*,1435053463303
o,1435053463455
f,1435053463559
*SPACE*,1435053463639
t,1435053463735
h,1435053463775
e,1435053463843
*SPACE*,1435053463975
i,1435053464160
t,1435053464275
e,1435053464313
m,1435053464431
s,1435053464497
*SPACE*,1435053464896
;,1435053465328
-,1435053465527
),1435053465704
*SPACE*,1435053466279
h,1435053466487
o,1435053466711
p,1435053466767
e,1435053466855
f,1435053467041
u,1435053467128
l,1435053467191
l,1435053467335
y,1435053467439
*SPACE*,1435053467623
t,1435053468007
h,1435053468087
e,1435053468159
r,1435053468343
e,1435053468495
*SPACE*,1435053468647
a,1435053468752
r,1435053468952
e,1435053469016
*SPACE*,1435053469143
s,1435053469320
o,1435053469415
m,1435053469447
e,1435053469551
*SPACE*,1435053469688
h,1435053471174
e,1435053471255
a,1435053471408
v,1435053471561
y,1435053471592
*SPACE*,1435053471848
l,1435053472016
i,1435053472208
f,1435053472544
t,1435053472608
e,1435053472704
r,1435053472856
s,1435053472975
*SPACE*,1435053473104
a,1435053473208
m,1435053473304
o,1435053473464
n,1435053473512
g,1435053473608
*SPACE*,1435053473711
t,1435053473808
h,1435053473872
e,1435053473952
m,1435053474064
.,1435053474336
*ENTER*,1435053475255
I,1435053483171
*SPACE*,1435053483459
w,1435053483627
o,1435053483731
n,1435053483773
d,1435053483875
e,1435053484043
r,1435053484203
*SPACE*,1435053484275
i,1435053484427
f,1435053484579
*SPACE*,1435053486740
t,1435053486924
h,1435053487027
i,1435053487091
s,1435053487203
*SPACE*,1435053487315
m,1435053487499
i,1435053487571
g,1435053487636
h,1435053487752
t,1435053487811
*SPACE*,1435053487980
c,1435053488132
o,1435053488188
m,1435053488244
e,1435053488372
*SPACE*,1435053488500
b,1435053488708
a,1435053488820
c,1435053488884
k,1435053488964
*SPACE*,1435053489164
t,1435053489275
o,1435053489348
*SPACE*,1435053489587
h,1435053489988
a,1435053490076
u,1435053490196
n,1435053490236
t,1435053490316
*SPACE*,1435053490436
u,1435053490612
s,1435053490692
.,1435053491252
*SPACE*,1435053491532
L,1435053491772
i,1435053491968
k,1435053492156
e,1435053492228
*SPACE*,1435053492356
a,1435053492436
*SPACE*,1435053492548
c,1435053492756
h,1435053492835
o,1435053492875
o,1435053493020
s,1435053493100
e,1435053493260
*SPACE*,1435053493369
y,1435053493628
o,1435053493820
u,1435053493861
r,1435053493980
*SPACE*,1435053494116
o,1435053494292
w,1435053494372
n,1435053494483
*SPACE*,1435053494684
a,1435053494804
d,1435053494956
v,1435053495084
e,1435053495196
n,1435053495324
u,1435053495572
r,1435053495668
e,1435053495740
*BS*,1435053496420
*BS*,1435053496475
*BS*,1435053496564
*BS*,1435053496619
*BS*,1435053496692
*BS*,1435053496747
t,1435053497196
u,1435053497356
r,1435053497428
e,1435053497501
*SPACE*,1435053497788
b,1435053498108
o,1435053498164
o,1435053498348
k,1435053498572
",",1435053499301
*SPACE*,1435053499365
Y,1435053499636
o,1435053499908
l,1435053500093
a,1435053500157
n,1435053500316
d,1435053500372
a,1435053500428
*SPACE*,1435053500557
w,1435053500668
i,1435053500741
l,1435053500796
l,1435053500948
*SPACE*,1435053501140
t,1435053501276
e,1435053501332
l,1435053501452
l,1435053501596
*SPACE*,1435053501812
u,1435053502028
s,1435053502108
*SPACE*,1435053502317
w,1435053502820
e,1435053502988
',1435053503229
v,1435053503381
e,1435053503445
*SPACE*,1435053503725
k,1435053503949
i,1435053504109
l,1435053504309
l,1435053504461
e,1435053504565
d,1435053504749
*SPACE*,1435053504836
t,1435053504989
h,1435053505084
e,1435053505180
m,1435053505349
*SPACE*,1435053505637
a,1435053505764
l,1435053505853
l,1435053506001
*SPACE*,1435053506229
b,1435053506453
y,1435053506517
*SPACE*,1435053506773
m,1435053506949
a,1435053507012
k,1435053507148
i,1435053507325
n,1435053507380
g,1435053507445
*SPACE*,1435053507573
t,1435053507653
h,1435053507717
e,1435053507781
m,1435053507949
*SPACE*,1435053508133
t,1435053508205
a,1435053508397
k,1435053508485
e,1435053508581
*SPACE*,1435053508669
t,1435053508780
o,1435053508861
o,1435053508997
*SPACE*,1435053509229
m,1435053509349
u,1435053509557
c,1435053509685
h,1435053509773
*SPACE*,1435053509957
s,1435053510389
t,1435053510484
u,1435053510549
f,1435053510933
f,1435053511509
.,1435053511861
.,1435053512006
.,1435053512141
*ENTER*,1435053513204
D,1435053535086
o,1435053535238
*SPACE*,1435053535510
w,1435053535623
e,1435053535703
*SPACE*,1435053535966
j,1435053536158
u,1435053536318
s,1435053536422
t,1435053536502
*SPACE*,1435053537169
h,1435053537663
i,1435053537689
t,1435053537799
*SPACE*,1435053538014
',1435053538255
s,1435053538519
i,1435053538615
*BS*,1435053539198
*BS*,1435053539262
u,1435053539794
b,1435053539839
m,1435053540111
i,1435053540152
t,1435053540230
*SPACE*,1435053540431
y,1435053540663
o,1435053540831
u,1435053540872
r,1435053540967
*SPACE*,1435053541119
a,1435053541207
n,1435053541343
s,1435053541407
w,1435053541615
e,1435053541767
r,1435053541983
s,1435053542175
',1435053544544
*SPACE*,1435053544775
a,1435053544839
n,1435053544943
d,1435053545023
*SPACE*,1435053545151
l,1435053545560
e,1435053545631
a,1435053545807
v,1435053545904
e,1435053545991
*SPACE*,1435053546095
i,1435053546271
t,1435053546343
*SPACE*,1435053546487
a,1435053546599
t,1435053546783
*SPACE*,1435053546850
t,1435053546935
h,1435053547023
a,1435053547119
t,1435053547207
?,1435053548455
*ENTER*,1435053554363
G,1435053578050
r,1435053578169
e,1435053578321
a,1435053578457
t,1435053578531
.,1435053579065
*SPACE*,1435053579282
T,1435053580002
h,1435053580201
a,1435053580489
n,1435053580642
k,1435053580681
s,1435053580721
",",1435053583522
*SPACE*,1435053583570
h,1435053583833
a,1435053583889
v,1435053584009
e,1435053584073
*SPACE*,1435053584201
a,1435053584241
*SPACE*,1435053584377
g,1435053584465
o,1435053584538
o,1435053584673
d,1435053584793
*SPACE*,1435053584873
d,1435053585016
a,1435053585081
y,1435053585185
.,1435053586601
*ENTER*,1435053586704
