Y,1435051748098
e,1435051748530
s,1435051748722
*BS*,1435051749330
*BS*,1435051749376
o,1435051749522
p,1435051749526
*BS*,1435051749954
*BS*,1435051750016
*BS*,1435051750114
*BS*,1435051750176
p,1435051750290
*ENTER*,1435051750705
O,1435051902177
K,1435051902353
*ENTER*,1435051902848
W,1435051906320
h,1435051906465
a,1435051906546
t,1435051906705
*SPACE*,1435051906801
*BS*,1435051907314
*BS*,1435051907376
*BS*,1435051907489
*BS*,1435051907535
*BS*,1435051907633
*BS*,1435051907680
*BS*,1435051907777
*BS*,1435051907824
*BS*,1435051907921
*BS*,1435051907984
W,1435051913137
h,1435051913361
a,1435051913457
t,1435051913649
*SPACE*,1435051913777
*BS*,1435051914273
*BS*,1435051914336
*BS*,1435051914433
*BS*,1435051914480
*BS*,1435051914593
*BS*,1435051914639
*BS*,1435051914737
*BS*,1435051914784
*BS*,1435051914881
*BS*,1435051914927
T,1435051915521
a,1435051915729
k,1435051915873
e,1435051915969
*SPACE*,1435051916097
i,1435051916273
t,1435051916465
*SPACE*,1435051916560
o,1435051916737
r,1435051916913
*SPACE*,1435051917025
l,1435051917297
e,1435051917393
a,1435051917553
v,1435051917713
e,1435051917825
*SPACE*,1435051917985
i,1435051918161
t,1435051918321
?,1435051918577
*ENTER*,1435051918911
A,1435051940513
p,1435051940656
p,1435051940817
a,1435051940977
r,1435051941201
e,1435051941361
n,1435051941526
t,1435051941649
l,1435051941793
y,1435051941889
*SPACE*,1435051942004
i,1435051942625
t,1435051942738
',1435051942945
s,1435051943089
*SPACE*,1435051943184
v,1435051944321
e,1435051944481
r,1435051944561
y,1435051944801
*SPACE*,1435051944929
g,1435051945457
o,1435051945523
o,1435051945649
d,1435051945953
*SPACE*,1435051946049
f,1435051946321
o,1435051946448
r,1435051946544
*SPACE*,1435051946657
l,1435051946993
i,1435051947169
g,1435051947489
h,1435051947605
t,1435051947745
i,1435051947888
n,1435051948000
g,1435051948128
*SPACE*,1435051948241
f,1435051948993
i,1435051949091
r,1435051949201
s,1435051949361
t,1435051949697
*BS*,1435051949905
*BS*,1435051949967
*BS*,1435051950065
*BS*,1435051950111
e,1435051950929
s,1435051951121
*SPACE*,1435051951232
f,1435051951409
r,1435051951601
o,1435051951697
m,1435051951761
*SPACE*,1435051951864
a,1435051951985
*SPACE*,1435051952097
s,1435051952305
p,1435051952497
a,1435051952641
l,1435051952769
*BS*,1435051953153
*BS*,1435051953169
r,1435051953201
l,1435051953681
.,1435051954001
*BS*,1435051954257
*BS*,1435051954287
*BS*,1435051954384
*BS*,1435051954431
k,1435051954704
.,1435051954897
*SPACE*,1435051955105
*SPACE*,1435051955217
M,1435051955489
i,1435051955633
g,1435051955793
h,1435051955873
t,1435051955984
*SPACE*,1435051956113
b,1435051956305
e,1435051956401
*SPACE*,1435051956513
u,1435051957360
s,1435051957584
e,1435051957649
f,1435051957968
u,1435051958177
l,1435051958401
*SPACE*,1435051958993
i,1435051959232
f,1435051959441
*SPACE*,1435051959553
i,1435051959889
t,1435051960257
',1435051960369
s,1435051960497
*SPACE*,1435051960593
-,1435051961153
4,1435051961585
*BS*,1435051961680
*ENTER*,1435051962447
S,1435051970320
o,1435051970417
*SPACE*,1435051970531
i,1435051970912
*SPACE*,1435051971296
s,1435051971680
e,1435051971760
*BS*,1435051972497
*BS*,1435051972575
*BS*,1435051972704
*BS*,1435051972751
*BS*,1435051972848
*BS*,1435051972895
*BS*,1435051973313
*BS*,1435051973359
I,1435051973760
*SPACE*,1435051973968
s,1435051974224
a,1435051974352
i,1435051974496
d,1435051974624
*SPACE*,1435051974753
y,1435051975312
e,1435051975444
s,1435051975600
e,1435051975632
.,1435051975808
*BS*,1435051976192
*BS*,1435051976255
*BS*,1435051976592
*BS*,1435051976639
.,1435051976768
*ENTER*,1435051978255
Y,1435052008289
e,1435052008593
s,1435052008753
",",1435052008881
*SPACE*,1435052009376
i,1435052009589
t,1435052009776
*SPACE*,1435052009904
c,1435052010224
o,1435052010338
u,1435052010513
l,1435052010688
d,1435052010768
*SPACE*,1435052010864
b,1435052011040
e,1435052011152
*SPACE*,1435052012224
u,1435052012416
s,1435052012528
e,1435052012624
d,1435052012832
*SPACE*,1435052012900
w,1435052013265
i,1435052013299
t,1435052013472
h,1435052013488
*SPACE*,1435052013600
t,1435052013728
h,1435052013811
e,1435052013824
*SPACE*,1435052013923
l,1435052014560
i,1435052014736
g,1435052014816
h,1435052014992
t,1435052015008
e,1435052015184
r,1435052016096
*SPACE*,1435052016288
*BS*,1435052016592
*BS*,1435052016639
",",1435052016752
*SPACE*,1435052016912
e,1435052017072
v,1435052017187
n,1435052017344
*BS*,1435052017904
*BS*,1435052017951
e,1435052018000
n,1435052018160
*SPACE*,1435052018293
w,1435052018848
i,1435052018979
t,1435052019136
h,1435052019219
*SPACE*,1435052019296
n,1435052019600
o,1435052019760
*SPACE*,1435052019888
l,1435052020064
i,1435052020240
g,1435052020336
h,1435052020464
e,1435052020640
r,1435052020736
*BS*,1435052021456
*BS*,1435052021519
*BS*,1435052021600
*BS*,1435052021653
t,1435052021744
e,1435052021920
r,1435052021984
*SPACE*,1435052022160
f,1435052022704
l,1435052022897
u,1435052023088
i,1435052023296
d,1435052023392
.,1435052023520
*ENTER*,1435052023823
O,1435052047472
K,1435052047664
",",1435052047920
*SPACE*,1435052048096
l,1435052048288
e,1435052048416
t,1435052048608
',1435052049135
s,1435052049264
*SPACE*,1435052049360
g,1435052050128
o,1435052050208
*SPACE*,1435052050305
f,1435052050528
o,1435052050640
r,1435052050832
*SPACE*,1435052050992
y,1435052051776
e,1435052051920
s,1435052052064
*SPACE*,1435052052192
t,1435052052384
h,1435052052467
e,1435052052560
m,1435052052720
*BS*,1435052053216
*BS*,1435052053279
n,1435052053680
.,1435052054160
*ENTER*,1435052054495
A,1435052122960
f,1435052123680
*BS*,1435052124112
*BS*,1435052124174
g,1435052124336
r,1435052124528
e,1435052124640
e,1435052124832
d,1435052125232
",",1435052125680
*SPACE*,1435052125856
l,1435052126098
e,1435052126208
t,1435052126335
',1435052126704
s,1435052126879
*SPACE*,1435052126992
g,1435052127264
o,1435052127391
*SPACE*,1435052127584
f,1435052127856
o,1435052127939
r,1435052128048
*SPACE*,1435052128128
y,1435052129120
e,1435052129215
s,1435052129408
.,1435052129520
*ENTER*,1435052130030
P,1435052137888
i,1435052138096
s,1435052138192
t,1435052138470
o,1435052138528
l,1435052138944
?,1435052139424
*SPACE*,1435052141600
I,1435052141872
s,1435052142128
a,1435052142240
i,1435052142416
d,1435052142528
*SPACE*,1435052142672
*BS*,1435052143312
*BS*,1435052143358
*BS*,1435052143455
*BS*,1435052143502
*BS*,1435052143600
*BS*,1435052143646
*BS*,1435052143760
*BS*,1435052143807
*BS*,1435052143888
*BS*,1435052143950
*BS*,1435052145216
*BS*,1435052145406
*BS*,1435052145536
*BS*,1435052145566
*BS*,1435052145680
*BS*,1435052145726
*BS*,1435052145824
*BS*,1435052145870
*BS*,1435052145984
*BS*,1435052146030
*BS*,1435052146128
*BS*,1435052146174
*BS*,1435052146272
*BS*,1435052146318
*BS*,1435052146432
*BS*,1435052146463
*BS*,1435052146736
*BS*,1435052146782
T,1435052204047
r,1435052204271
u,1435052204403
e,1435052204559
",",1435052204992
*SPACE*,1435052205151
a,1435052205535
n,1435052205615
d,1435052205679
*SPACE*,1435052205792
y,1435052206336
o,1435052206431
u,1435052206607
*SPACE*,1435052206735
c,1435052206959
a,1435052207055
*BS*,1435052207455
*BS*,1435052207534
o,1435052207663
u,1435052207855
l,1435052208015
d,1435052208111
*SPACE*,1435052208191
a,1435052208447
s,1435052208719
l,1435052208767
*BS*,1435052209135
*BS*,1435052209198
*BS*,1435052209279
*BS*,1435052209326
l,1435052209439
s,1435052209551
o,1435052209679
*SPACE*,1435052209807
k,1435052210436
i,1435052210575
l,1435052210751
l,1435052210895
*SPACE*,1435052211311
y,1435052211695
o,1435052211775
u,1435052211967
r,1435052212079
s,1435052212416
e,1435052212479
l,1435052212767
f,1435052212879
*SPACE*,1435052213103
*BS*,1435052213631
*BS*,1435052213678
",",1435052213839
*SPACE*,1435052213999
r,1435052214591
a,1435052214815
t,1435052214911
h,1435052215010
e,1435052215135
r,1435052215215
*SPACE*,1435052215295
t,1435052215631
h,1435052215759
a,1435052215919
n,1435052216031
*BS*,1435052218531
*BS*,1435052218574
*BS*,1435052218672
*BS*,1435052219118
*BS*,1435052219537
*BS*,1435052219566
*BS*,1435052219695
*BS*,1435052219726
*BS*,1435052219839
*BS*,1435052219887
*BS*,1435052221311
*BS*,1435052221342
*BS*,1435052221455
*BS*,1435052221502
*BS*,1435052221615
*BS*,1435052221694
*BS*,1435052222143
*BS*,1435052222206
*BS*,1435052222447
*BS*,1435052222510
*BS*,1435052223007
*BS*,1435052223086
*BS*,1435052223167
*BS*,1435052223246
*BS*,1435052223359
*BS*,1435052223422
*SPACE*,1435052223679
i,1435052223967
f,1435052224111
*SPACE*,1435052224239
y,1435052227647
o,1435052227743
u,1435052227919
*SPACE*,1435052228031
*BS*,1435052230063
*BS*,1435052230110
',1435052230351
r,1435052230495
e,1435052230578
*SPACE*,1435052230625
f,1435052230927
e,1435052231103
e,1435052231263
l,1435052231439
i,1435052231647
n,1435052231743
g,1435052231823
*SPACE*,1435052231935
*BS*,1435052234991
*BS*,1435052235070
*BS*,1435052235167
*BS*,1435052235667
*BS*,1435052235700
*BS*,1435052235733
*BS*,1435052235766
*BS*,1435052235800
*BS*,1435052235833
*BS*,1435052235867
*BS*,1435052235900
*BS*,1435052235932
*BS*,1435052235965
*BS*,1435052236005
*BS*,1435052236032
*BS*,1435052236062
*BS*,1435052236303
*BS*,1435052236350
*BS*,1435052236463
*BS*,1435052236510
*SPACE*,1435052236943
y,1435052237360
o,1435052237391
u,1435052237583
*SPACE*,1435052237695
d,1435052237967
o,1435052238063
n,1435052238239
',1435052238447
t,1435052238564
*SPACE*,1435052238703
w,1435052239295
a,1435052239519
n,1435052239615
t,1435052239759
*SPACE*,1435052239855
t,1435052240015
o,1435052240063
*SPACE*,1435052240145
f,1435052240655
r,1435052240847
e,1435052240943
e,1435052241039
z,1435052241535
e,1435052241679
*SPACE*,1435052241823
t,1435052242015
o,1435052242098
*SPACE*,1435052242178
d,1435052242693
e,1435052242831
a,1435052243007
t,1435052243247
h,1435052243391
.,1435052243631
*SPACE*,1435052243839
*SPACE*,1435052243967
S,1435052244399
o,1435052244479
*SPACE*,1435052244591
y,1435052244959
e,1435052245647
s,1435052245839
*SPACE*,1435052245973
t,1435052246127
o,1435052246175
*SPACE*,1435052246271
t,1435052246399
h,1435052246495
a,1435052246703
t,1435052246783
.,1435052247167
*ENTER*,1435052247566
:,1435052251215
-,1435052251423
),1435052251679
*ENTER*,1435052251982
I,1435052337279
*SPACE*,1435052337423
s,1435052337743
a,1435052337842
i,1435052338031
d,1435052338142
*SPACE*,1435052338258
y,1435052338927
e,1435052339022
s,1435052339231
*SPACE*,1435052339487
*BS*,1435052343551
*BS*,1435052343629
",",1435052349455
*SPACE*,1435052349630
b,1435052349823
u,1435052349918
t,1435052350079
*SPACE*,1435052350174
o,1435052350479
n,1435052350670
l,1435052350847
y,1435052350991
*SPACE*,1435052351086
b,1435052351759
e,1435052351918
c,1435052352415
a,1435052352638
u,1435052352734
s,1435052352862
e,1435052352868
*SPACE*,1435052352993
i,1435052353407
t,1435052353550
',1435052353694
*BS*,1435052354463
*BS*,1435052354525
*SPACE*,1435052354702
h,1435052354911
a,1435052355022
s,1435052355054
*SPACE*,1435052355214
s,1435052355807
o,1435052355919
m,1435052355966
e,1435052356065
*SPACE*,1435052356190
c,1435052356622
a,1435052356782
l,1435052356942
o,1435052357151
r,1435052357326
i,1435052357518
e,1435052357678
s,1435052357870
.,1435052369871
*SPACE*,1435052370078
*SPACE*,1435052370206
D,1435052370511
e,1435052370703
p,1435052370894
e,1435052371022
n,1435052371198
d,1435052371342
s,1435052371598
*SPACE*,1435052371759
h,1435052372511
o,1435052372670
w,1435052373086
*SPACE*,1435052373199
q,1435052373630
u,1435052373759
i,1435052373873
k,1435052374142
v,1435052374190
*BS*,1435052374670
*BS*,1435052374717
*BS*,1435052374814
*BS*,1435052374861
*BS*,1435052374958
*BS*,1435052374989
i,1435052375982
c,1435052376238
k,1435052376318
y,1435052376686
*SPACE*,1435052377086
*BS*,1435052377615
*BS*,1435052377661
*BS*,1435052377758
*BS*,1435052377789
*BS*,1435052377902
*BS*,1435052377933
k,1435052379390
l,1435052379550
y,1435052380366
*SPACE*,1435052380478
y,1435052382206
o,1435052382254
u,1435052382446
r,1435052382590
*BS*,1435052383219
*BS*,1435052383261
*SPACE*,1435052383406
r,1435052383694
e,1435052383806
c,1435052384030
k,1435052384574
o,1435052384734
n,1435052384942
*SPACE*,1435052385103
y,1435052385486
o,1435052385534
u,1435052385742
*SPACE*,1435052385825
c,1435052386110
*BS*,1435052386462
*BS*,1435052386962
*BS*,1435052386995
*BS*,1435052387029
*BS*,1435052387062
*BS*,1435052387095
*BS*,1435052387127
*BS*,1435052387160
*BS*,1435052387199
*BS*,1435052387230
*BS*,1435052387260
*BS*,1435052387293
*BS*,1435052387326
*BS*,1435052387359
*BS*,1435052387393
*BS*,1435052387425
*BS*,1435052387459
*BS*,1435052387492
*BS*,1435052387526
*BS*,1435052387558
*BS*,1435052387591
*BS*,1435052387624
*BS*,1435052387658
*BS*,1435052387692
*BS*,1435052387725
*BS*,1435052387741
*BS*,1435052388063
*BS*,1435052388562
*BS*,1435052388595
*BS*,1435052388628
*BS*,1435052388653
*BS*,1435052388766
*BS*,1435052388829
*BS*,1435052388942
*BS*,1435052388973
*BS*,1435052389086
*BS*,1435052389133
*BS*,1435052389246
*BS*,1435052389277
*BS*,1435052389374
*BS*,1435052389421
*BS*,1435052389534
*BS*,1435052389581
*BS*,1435052389678
*BS*,1435052389725
W,1435052390238
a,1435052390462
l,1435052390574
k,1435052390750
i,1435052390910
n,1435052391006
g,1435052391105
*SPACE*,1435052391215
2,1435052391566
*BS*,1435052391758
m,1435052392046
i,1435052392238
l,1435052392414
e,1435052392558
s,1435052392798
*SPACE*,1435052392926
w,1435052393236
o,1435052393278
u,1435052393502
l,1435052394078
d,1435052394222
*SPACE*,1435052394318
b,1435052394494
e,1435052394606
*SPACE*,1435052394686
e,1435052395182
x,1435052395470
h,1435052395774
a,1435052395982
u,1435052396126
s,1435052396238
i,1435052396446
n,1435052396543
g,1435052396641
*BS*,1435052397694
*BS*,1435052397741
*BS*,1435052397854
*BS*,1435052397901
*BS*,1435052397998
*BS*,1435052398045
t,1435052398254
i,1435052398382
n,1435052398446
g,1435052398545
*BS*,1435052400094
*BS*,1435052400125
*BS*,1435052400238
*BS*,1435052400285
n,1435052402222
g,1435052402350
*SPACE*,1435052402526
*BS*,1435052405054
*BS*,1435052405133
*BS*,1435052405230
*BS*,1435052405293
*BS*,1435052405390
*BS*,1435052405453
*BS*,1435052405550
*BS*,1435052405613
*BS*,1435052405726
*BS*,1435052405757
*BS*,1435052405854
*BS*,1435052405917
*BS*,1435052406030
*BS*,1435052406077
*BS*,1435052406190
*BS*,1435052406237
*BS*,1435052406350
*BS*,1435052406397
*BS*,1435052406510
*BS*,1435052406541
*BS*,1435052406814
*BS*,1435052406861
t,1435052407646
o,1435052407742
u,1435052407982
g,1435052408142
h,1435052408238
*SPACE*,1435052408366
w,1435052408878
i,1435052409006
t,1435052409150
h,1435052409217
*SPACE*,1435052409326
n,1435052409550
o,1435052409726
t,1435052409870
h,1435052410174
i,1435052410270
*BS*,1435052410670
*BS*,1435052410733
*BS*,1435052410830
*BS*,1435052410861
h,1435052411630
i,1435052411774
n,1435052411854
g,1435052412142
*SPACE*,1435052412494
t,1435052412670
o,1435052412718
*SPACE*,1435052412814
e,1435052413102
a,1435052413358
t,1435052414555
.,1435052414895
*ENTER*,1435052417645
M,1435052424046
a,1435052424302
y,1435052424478
b,1435052424799
e,1435052424926
*SPACE*,1435052425022
l,1435052425262
e,1435052425374
v,1435052425711
e,1435052425793
*SPACE*,1435052425918
t,1435052426110
h,1435052426143
e,1435052426238
*SPACE*,1435052426321
*BS*,1435052427006
*BS*,1435052427053
*BS*,1435052427166
*BS*,1435052427213
*BS*,1435052427310
*BS*,1435052427373
*BS*,1435052427454
*BS*,1435052427517
*BS*,1435052427615
*BS*,1435052427677
*BS*,1435052427742
*BS*,1435052427837
a,1435052427885
*BS*,1435052428094
*BS*,1435052428141
*BS*,1435052428222
*BS*,1435052428285
a,1435052428350
v,1435052428494
e,1435052428609
*SPACE*,1435052428734
t,1435052428910
h,1435052428974
e,1435052429038
*SPACE*,1435052429134
b,1435052429566
u,1435052429742
t,1435052429918
t,1435052430094
e,1435052430174
r,1435052430270
*SPACE*,1435052430321
a,1435052430526
n,1435052430655
*SPACE*,1435052430878
*BS*,1435052431199
*BS*,1435052431245
d,1435052431342
*SPACE*,1435052431454
t,1435052431694
a,1435052431838
k,1435052431950
e,1435052432062
*SPACE*,1435052432158
t,1435052432334
h,1435052432382
e,1435052432478
*SPACE*,1435052432574
c,1435052432846
h,1435052432990
o,1435052433198
c,1435052433438
o,1435052433566
l,1435052433870
a,1435052433982
t,1435052434190
e,1435052434305
.,1435052434414
*ENTER*,1435052434925
O,1435052529838
k,1435052530014
a,1435052530157
y,1435052530333
",",1435052530877
*SPACE*,1435052531038
l,1435052531791
e,1435052531872
t,1435052532002
s,1435052532254
*SPACE*,1435052532654
l,1435052533021
e,1435052533101
*BS*,1435052533358
*BS*,1435052533404
*BS*,1435052533518
*BS*,1435052533564
*BS*,1435052533662
*BS*,1435052533708
*BS*,1435052533789
*BS*,1435052533852
*BS*,1435052533885
*BS*,1435052533932
t,1435052534654
',1435052534814
s,1435052534925
*SPACE*,1435052535053
e,1435052535230
l,1435052535342
*BS*,1435052535598
*BS*,1435052535629
*BS*,1435052535725
*BS*,1435052535772
l,1435052535885
e,1435052535952
a,1435052536158
v,1435052536237
e,1435052536286
*SPACE*,1435052536445
t,1435052536942
h,1435052537006
e,1435052537088
*SPACE*,1435052537181
b,1435052537550
u,1435052537709
t,1435052537901
t,1435052538045
e,1435052538190
r,1435052538270
*SPACE*,1435052538365
a,1435052538573
n,1435052538642
d,1435052538717
*SPACE*,1435052538804
t,1435052539310
a,1435052539469
k,1435052539581
e,1435052539661
*SPACE*,1435052539758
t,1435052539869
h,1435052539917
e,1435052539968
*SPACE*,1435052540048
c,1435052540238
h,1435052540397
o,1435052540557
c,1435052540861
o,1435052540960
l,1435052541325
a,1435052541485
t,1435052541629
e,1435052541757
.,1435052541902
*ENTER*,1435052542428
A,1435052547139
l,1435052547325
s,1435052547486
o,1435052547565
*SPACE*,1435052547662
*BS*,1435052548173
*BS*,1435052548236
",",1435052548334
*SPACE*,1435052548494
t,1435052549006
h,1435052549090
e,1435052549191
r,1435052549245
e,1435052549360
',1435052549501
s,1435052549662
*SPACE*,1435052549741
n,1435052549965
o,1435052550125
*SPACE*,1435052550253
t,1435052550525
i,1435052550610
n,1435052550862
*SPACE*,1435052551101
o,1435052551245
p,1435052551565
e,1435052551709
r,1435052551789
n,1435052551917
e,1435052552125
*BS*,1435052552541
*BS*,1435052552578
*BS*,1435052552653
*BS*,1435052552716
*BS*,1435052552797
*BS*,1435052552860
n,1435052553006
e,1435052553101
r,1435052553181
e,1435052553341
*BS*,1435052553773
*BS*,1435052553836
.,1435052554094
*ENTER*,1435052554412
i,1435052643424
*SPACE*,1435052643537
s,1435052643741
a,1435052643821
i,1435052643997
d,1435052644125
*SPACE*,1435052644237
y,1435052644973
e,1435052645101
s,1435052645277
*SPACE*,1435052645389
t,1435052645549
o,1435052645632
*SPACE*,1435052645712
t,1435052645837
h,1435052645933
e,1435052646016
*SPACE*,1435052646081
n,1435052646301
e,1435052646429
w,1435052646509
s,1435052646925
p,1435052647101
a,1435052647261
p,1435052647549
e,1435052647709
r,1435052647789
s,1435052647997
*SPACE*,1435052648205
-,1435052648349
*SPACE*,1435052648461
h,1435052649485
a,1435052649645
n,1435052649725
d,1435052649949
y,1435052650381
*SPACE*,1435052650464
f,1435052650717
o,1435052650781
r,1435052650909
*SPACE*,1435052650976
a,1435052651501
*SPACE*,1435052651629
f,1435052652337
i,1435052652477
*BS*,1435052653021
*BS*,1435052653068
*BS*,1435052653165
*BS*,1435052653212
*BS*,1435052653325
*BS*,1435052653340
*SPACE*,1435052653741
*BS*,1435052654093
*BS*,1435052654124
*BS*,1435052654205
*BS*,1435052654268
f,1435052654733
i,1435052654845
r,1435052655021
e,1435052655133
s,1435052655373
.,1435052655549
*ENTER*,1435052655996
L,1435052691870
i,1435052692029
g,1435052692381
h,1435052692621
t,1435052692788
i,1435052692925
n,1435052693070
g,1435052693237
*SPACE*,1435052693726
a,1435052693901
*SPACE*,1435052693997
f,1435052694493
i,1435052694637
r,1435052694749
e,1435052694925
*SPACE*,1435052695231
w,1435052696029
i,1435052696126
t,1435052696332
h,1435052696398
*SPACE*,1435052696541
o,1435052697021
*BS*,1435052697325
*BS*,1435052697372
*BS*,1435052697453
*BS*,1435052697516
o,1435052697645
u,1435052697805
t,1435052697933
*SPACE*,1435052698045
p,1435052698493
a,1435052698622
p,1435052698733
e,1435052699101
r,1435052699181
*SPACE*,1435052699326
i,1435052699470
s,1435052699597
*SPACE*,1435052699709
a,1435052700173
*SPACE*,1435052700302
b,1435052701006
i,1435052701091
t,1435052701245
*SPACE*,1435052701341
o,1435052701532
f,1435052701789
*SPACE*,1435052701933
a,1435052702141
*SPACE*,1435052702221
n,1435052702477
i,1435052702660
g,1435052702781
h,1435052702876
t,1435052702989
m,1435052703277
a,1435052703789
r,1435052703901
e,1435052703997
.,1435052704189
*SPACE*,1435052704781
*SPACE*,1435052704926
C,1435052707885
a,1435052708000
n,1435052708189
*SPACE*,1435052708301
a,1435052708637
l,1435052708752
s,1435052708925
*BS*,1435052709325
*BS*,1435052709387
w,1435052709437
*BS*,1435052710029
*BS*,1435052710092
*BS*,1435052710188
*BS*,1435052710252
*BS*,1435052710333
*BS*,1435052710396
*BS*,1435052710477
*BS*,1435052710540
*BS*,1435052710620
*BS*,1435052710685
*BS*,1435052710765
*BS*,1435052710828
*BS*,1435052710941
*BS*,1435052710971
G,1435052711693
o,1435052711820
o,1435052711949
g,1435052712029
*BS*,1435052712397
*BS*,1435052712459
d,1435052712605
*SPACE*,1435052712734
f,1435052713261
o,1435052713343
r,1435052713453
*SPACE*,1435052713565
b,1435052714557
o,1435052714685
g,1435052715005
r,1435052715197
o,1435052715340
l,1435052715501
*BS*,1435052715981
*BS*,1435052716043
l,1435052716285
l,1435052716429
*SPACE*,1435052716557
t,1435052716749
o,1435052716831
o,1435052717069
.,1435052717293
*ENTER*,1435052717675
O,1435052780828
K,1435052781004
*ENTER*,1435052781355
I,1435052793484
*SPACE*,1435052793980
t,1435052794156
h,1435052794268
i,1435052794332
n,1435052794412
k,1435052794556
*SPACE*,1435052794684
w,1435052794941
e,1435052795004
',1435052795164
v,1435052795516
e,1435052795581
*SPACE*,1435052795660
a,1435052795996
f,1435052796316
g,1435052796320
*BS*,1435052796716
*BS*,1435052796763
*BS*,1435052796876
*BS*,1435052796955
g,1435052797020
r,1435052797212
e,1435052797276
e,1435052797452
d,1435052797628
*SPACE*,1435052797734
t,1435052797868
o,1435052797900
*SPACE*,1435052797996
t,1435052798524
a,1435052798668
k,1435052798812
e,1435052798924
*SPACE*,1435052799055
t,1435052799133
h,1435052799196
e,1435052799265
*SPACE*,1435052799324
l,1435052799516
i,1435052799676
c,1435052799788
g,1435052799980
h,1435052800060
*BS*,1435052800332
*BS*,1435052800380
*BS*,1435052800476
*BS*,1435052800523
*BS*,1435052800620
*BS*,1435052800667
g,1435052800716
h,1435052800828
e,1435052800940
r,1435052801020
*SPACE*,1435052801372
*BS*,1435052801628
*BS*,1435052801675
*BS*,1435052801772
*BS*,1435052801819
*BS*,1435052801900
*BS*,1435052801963
t,1435052802540
e,1435052802700
r,1435052802764
*SPACE*,1435052802860
a,1435052803054
l,1435052803174
r,1435052803420
e,1435052803468
a,1435052803660
d,1435052803756
y,1435052803964
*ENTER*,1435052804507
Y,1435052811804
e,1435052812028
s,1435052812188
",",1435052812316
*SPACE*,1435052812444
y,1435052813196
o,1435052813279
u,1435052813436
*SPACE*,1435052813535
n,1435052813693
e,1435052813788
e,1435052813972
d,1435052814108
*SPACE*,1435052814175
t,1435052814365
h,1435052814431
*BS*,1435052814732
*BS*,1435052814795
*BS*,1435052814876
*BS*,1435052814939
a,1435052815020
*SPACE*,1435052815196
s,1435052815356
p,1435052815516
l,1435052815756
*BS*,1435052816012
*BS*,1435052816059
a,1435052816140
r,1435052816300
k,1435052816428
*SPACE*,1435052816764
t,1435052816940
o,1435052817020
*SPACE*,1435052817103
k,1435052817372
i,1435052817548
*BS*,1435052817852
*BS*,1435052817899
*BS*,1435052817996
*BS*,1435052818059
l,1435052818204
i,1435052818364
g,1435052818524
h,1435052818635
t,1435052818785
*SPACE*,1435052818829
s,1435052819160
t,1435052819372
e,1435052819532
e,1435052819677
l,1435052819804
*SPACE*,1435052819919
w,1435052820180
o,1435052820397
o,1435052820909
.,1435052821132
*ENTER*,1435052821403
F,1435052829100
l,1435052829244
i,1435052829420
n,1435052829692
t,1435052829852
s,1435052830028
*SPACE*,1435052830141
w,1435052830508
i,1435052830607
l,1435052831100
l,1435052831580
*SPACE*,1435052831740
d,1435052832060
o,1435052832172
*SPACE*,1435052832300
i,1435052832620
t,1435052832732
",",1435052832908
*SPACE*,1435052833068
b,1435052833637
u,1435052833756
t,1435052833884
*SPACE*,1435052833996
y,1435052834252
o,1435052834284
u,1435052834492
',1435052834732
d,1435052834844
*SPACE*,1435052834924
n,1435052835132
e,1435052835324
e,1435052835484
d,1435052835660
*SPACE*,1435052835772
t,1435052835964
o,1435052836047
*SPACE*,1435052836127
f,1435052836428
i,1435052836495
n,1435052836635
d,1435052836828
*SPACE*,1435052837036
t,1435052837229
h,1435052837326
e,1435052837420
",",1435052837948
*BS*,1435052838460
*BS*,1435052838507
m,1435052838668
*SPACE*,1435052838876
f,1435052839116
i,1435052839244
r,1435052839340
s,1435052839500
t,1435052839596
.,1435052839724
*ENTER*,1435052840555
S,1435052885596
o,1435052885820
u,1435052886044
n,1435052886156
d,1435052886255
s,1435052886332
*SPACE*,1435052886444
h,1435052886684
a,1435052886844
r,1435052886972
d,1435052887180
*BS*,1435052894492
*BS*,1435052894992
*BS*,1435052895026
*BS*,1435052895058
*BS*,1435052895092
*BS*,1435052895125
*BS*,1435052895158
*BS*,1435052895192
*BS*,1435052895226
*BS*,1435052895229
*BS*,1435052895404
*BS*,1435052895434
*BS*,1435052895868
*BS*,1435052895930
I,1435052896235
',1435052896700
v,1435052896811
e,1435052896908
*SPACE*,1435052896956
t,1435052897308
r,1435052897564
i,1435052897644
e,1435052897836
d,1435052898044
*SPACE*,1435052898156
t,1435052898396
h,1435052898412
a,1435052898588
t,1435052898635
*SPACE*,1435052898766
*BS*,1435052901036
*BS*,1435052901082
*BS*,1435052902300
*BS*,1435052902346
*BS*,1435052902428
*BS*,1435052902490
*BS*,1435052902588
*BS*,1435052902650
*BS*,1435052902748
*BS*,1435052902794
*BS*,1435052902892
*BS*,1435052902954
*BS*,1435052903052
*BS*,1435052903114
*BS*,1435052903195
*BS*,1435052903274
*BS*,1435052903356
*BS*,1435052903418
*BS*,1435052903516
*BS*,1435052903579
*BS*,1435052903678
*BS*,1435052903738
*BS*,1435052903820
*BS*,1435052903898
*BS*,1435052903980
*BS*,1435052904042
*BS*,1435052904140
*BS*,1435052904202
*BS*,1435052904284
*BS*,1435052904369
*BS*,1435052904668
*BS*,1435052904730
O,1435052905004
K,1435052905164
*ENTER*,1435052905722
A,1435052926028
g,1435052926764
r,1435052926988
e,1435052927068
e,1435052927228
e,1435052927404
*BS*,1435052927836
*BS*,1435052927883
d,1435052927899
",",1435052928123
*SPACE*,1435052928283
s,1435052928492
o,1435052928556
*SPACE*,1435052928667
y,1435052929139
e,1435052929243
s,1435052929420
*SPACE*,1435052929515
t,1435052929666
h,1435052929756
o,1435052929964
*BS*,1435052930204
*BS*,1435052930251
*BS*,1435052930348
*BS*,1435052930394
o,1435052936076
*SPACE*,1435052936204
t,1435052936363
h,1435052936446
a,1435052936555
t,1435052936619
.,1435052936763
*BS*,1435052937467
*BS*,1435052937530
*SPACE*,1435052937708
o,1435052937851
n,1435052938043
e,1435052938171
.,1435052938299
*ENTER*,1435052938634
I,1435053030459
*SPACE*,1435053030587
w,1435053030859
a,1435053031083
s,1435053031106
n,1435053031355
',1435053031563
t,1435053031739
*SPACE*,1435053031803
s,1435053032171
u,1435053032347
r,1435053032539
e,1435053032603
*SPACE*,1435053033115
-,1435053033243
*SPACE*,1435053033339
*BS*,1435053035627
*BS*,1435053035690
*BS*,1435053035803
*BS*,1435053035850
*BS*,1435053035947
*BS*,1435053036010
.,1435053036219
*SPACE*,1435053036427
*SPACE*,1435053036571
I,1435053036875
t,1435053037099
',1435053037167
s,1435053037403
*SPACE*,1435053037537
h,1435053038075
e,1435053038155
a,1435053038379
v,1435053038571
y,1435053039195
*SPACE*,1435053039339
t,1435053039531
o,1435053039595
*SPACE*,1435053039691
c,1435053040011
a,1435053040075
r,1435053040299
r,1435053040523
y,1435053041387
",",1435053041899
*SPACE*,1435053042107
t,1435053042843
h,1435053042939
o,1435053043051
u,1435053043275
g,1435053043371
h,1435053043538
*SPACE*,1435053043905
u,1435053044427
s,1435053044523
e,1435053044587
f,1435053044876
u,1435053045163
l,1435053045355
.,1435053046123
*SPACE*,1435053046411
*SPACE*,1435053046555
H,1435053047563
o,1435053047723
w,1435053047867
e,1435053048107
v,1435053048283
e,1435053048411
r,1435053048507
",",1435053048559
*SPACE*,1435053048699
y,1435053050507
o,1435053050574
u,1435053050763
*SPACE*,1435053050862
c,1435053051115
o,1435053051291
u,1435053051483
l,1435053051675
*SPACE*,1435053051851
m,1435053052363
s,1435053052635
*BS*,1435053053019
*BS*,1435053053082
*BS*,1435053053195
*BS*,1435053053322
*BS*,1435053053403
*BS*,1435053053450
d,1435053053755
*SPACE*,1435053053883
m,1435053054171
a,1435053054315
j,1435053054443
e,1435053054539
*SPACE*,1435053054635
*BS*,1435053054939
*BS*,1435053055001
*BS*,1435053055083
*BS*,1435053055129
*BS*,1435053055227
*BS*,1435053055290
j,1435053055435
e,1435053055579
*BS*,1435053055963
*BS*,1435053056010
*BS*,1435053056107
*BS*,1435053056170
k,1435053056619
e,1435053056731
*SPACE*,1435053056859
a,1435053057051
*SPACE*,1435053057131
g,1435053057899
o,1435053058011
o,1435053058171
g,1435053058331
*BS*,1435053058571
*BS*,1435053058634
d,1435053058715
*SPACE*,1435053058811
b,1435053059387
i,1435053059803
v,1435053060267
u,1435053061435
o,1435053061723
u,1435053061915
*BS*,1435053062219
*BS*,1435053062266
*BS*,1435053062369
*BS*,1435053062426
*BS*,1435053062459
*BS*,1435053062575
o,1435053062747
u,1435053062976
a,1435053063771
c,1435053063851
*SPACE*,1435053063949
w,1435053064267
i,1435053064379
t,1435053064939
h,1435053064955
*SPACE*,1435053065099
b,1435053066155
r,1435053066331
a,1435053066571
b,1435053066779
c,1435053066955
*BS*,1435053067323
*BS*,1435053067370
*BS*,1435053067451
*BS*,1435053067514
c,1435053067579
*BS*,1435053068491
*BS*,1435053068554
n,1435053068699
c,1435053068811
h,1435053068942
e,1435053069035
s,1435053069227
.,1435053069291
*SPACE*,1435053069755
*SPACE*,1435053069883
*ENTER*,1435053070489
S,1435053075147
o,1435053075467
*SPACE*,1435053075611
l,1435053076075
e,1435053076187
t,1435053076433
',1435053076780
s,1435053076907
*SPACE*,1435053077003
s,1435053077312
a,1435053077547
y,1435053077788
*SPACE*,1435053077900
n,1435053078411
o,1435053078571
*SPACE*,1435053078955
t,1435053079163
o,1435053079262
*SPACE*,1435053079387
t,1435053079627
h,1435053079691
a,1435053079820
t,1435053079883
*SPACE*,1435053079979
o,1435053080219
n,1435053080411
e,1435053080539
.,1435053080650
*ENTER*,1435053081001
I,1435053167771
*SPACE*,1435053167914
w,1435053168155
a,1435053168362
s,1435053168410
n,1435053168522
;,1435053168746
t,1435053168938
*SPACE*,1435053168986
u,1435053169259
s,1435053169342
r,1435053169530
e,1435053169626
*SPACE*,1435053169706
*BS*,1435053170123
*BS*,1435053170153
*BS*,1435053170250
*BS*,1435053170313
*BS*,1435053170410
*BS*,1435053170457
*BS*,1435053170554
*BS*,1435053170617
*BS*,1435053170714
*BS*,1435053170777
*BS*,1435053170874
*BS*,1435053170921
*BS*,1435053171018
*BS*,1435053171082
*BS*,1435053171338
*BS*,1435053171385
',1435053171530
t,1435053171658
*SPACE*,1435053171770
s,1435053172059
u,1435053172282
r,1435053172458
e,1435053172506
*SPACE*,1435053172634
a,1435053172890
b,1435053173242
o,1435053173342
u,1435053173531
t,1435053173658
*SPACE*,1435053173770
t,1435053174122
h,1435053174186
e,1435053174299
*SPACE*,1435053174365
a,1435053174650
o,1435053174778
*BS*,1435053175130
*BS*,1435053175193
i,1435053175370
r,1435053175514
*SPACE*,1435053175866
m,1435053176074
a,1435053176282
p,1435053176458
.,1435053177274
*SPACE*,1435053177882
W,1435053179130
h,1435053179322
a,1435053179418
',1435053179674
t,1435053179786
*BS*,1435053180314
*BS*,1435053180377
*BS*,1435053180474
*BS*,1435053180537
t,1435053180570
',1435053180682
s,1435053180842
*SPACE*,1435053180925
t,1435053181210
h,1435053181306
e,1435053181370
*SPACE*,1435053181482
s,1435053181802
c,1435053181866
a,1435053182090
l,1435053182218
e,1435053182522
",",1435053183082
*SPACE*,1435053183274
e,1435053183434
t,1435053183642
c,1435053183882
.,1435053184010
*SPACE*,1435053184443
I,1435053185818
s,1435053185994
*SPACE*,1435053186122
*BS*,1435053187402
*BS*,1435053187465
*BS*,1435053187562
*BS*,1435053187609
*BS*,1435053187706
*BS*,1435053187755
S,1435053188634
*BS*,1435053189082
*BS*,1435053189129
D,1435053189530
O,1435053189658
n,1435053189834
;,1435053190042
t,1435053190125
*SPACE*,1435053190218
k,1435053190554
n,1435053190698
o,1435053190890
w,1435053190922
*SPACE*,1435053191025
i,1435053192410
f,1435053192698
*SPACE*,1435053192826
i,1435053192986
t,1435053193147
',1435053193306
d,1435053193434
*SPACE*,1435053193562
b,1435053193754
e,1435053193866
*SPACE*,1435053193978
u,1435053194250
s,1435053194474
e,1435053194714
f,1435053195034
u,1435053195178
l,1435053195418
*ENTER*,1435053196013
A,1435053230410
n,1435053230794
s,1435053231018
*BS*,1435053231514
*BS*,1435053231577
d,1435053231610
*SPACE*,1435053231722
i,1435053231914
t,1435053232074
',1435053232186
s,1435053232346
*SPACE*,1435053232442
p,1435053232650
l,1435053232890
a,1435053233002
s,1435053233290
*BS*,1435053233706
*BS*,1435053233753
t,1435053233786
c,1435053234090
i,1435053234173
*BS*,1435053234722
*BS*,1435053234745
*BS*,1435053234858
*BS*,1435053234905
*BS*,1435053235354
*BS*,1435053235401
s,1435053235451
t,1435053235978
i,1435053236138
c,1435053236266
",",1435053236474
*SPACE*,1435053236666
s,1435053236810
o,1435053236938
*SPACE*,1435053237050
i,1435053237258
t,1435053237370
*SPACE*,1435053237546
c,1435053238122
o,1435053238234
u,1435053238410
l,1435053238602
d,1435053238701
*SPACE*,1435053238778
b,1435053239611
e,1435053239723
*SPACE*,1435053239836
s,1435053240058
u,1435053240064
*BS*,1435053240810
*BS*,1435053240857
*BS*,1435053240939
*BS*,1435053241001
u,1435053241194
s,1435053241290
f,1435053242122
u,1435053242283
l,1435053242522
",",1435053242730
*SPACE*,1435053242922
*BS*,1435053243210
*BS*,1435053243273
*BS*,1435053243339
*BS*,1435053243401
*BS*,1435053243498
*BS*,1435053243545
*BS*,1435053244090
*BS*,1435053244137
*BS*,1435053244234
*BS*,1435053244297
e,1435053244442
f,1435053244986
u,1435053245178
l,1435053245385
",",1435053245610
*SPACE*,1435053245786
s,1435053245994
o,1435053246093
*SPACE*,1435053246186
l,1435053246458
e,1435053246584
t,1435053246763
s,1435053247276
/,1435053247358
*BS*,1435053247657
*BS*,1435053247680
*BS*,1435053247754
*BS*,1435053247817
',1435053247962
s,1435053248074
*SPACE*,1435053248634
t,1435053249034
a,1435053249226
k,1435053249355
e,1435053249466
*SPACE*,1435053249626
t,1435053249946
*BS*,1435053250362
*BS*,1435053250409
i,1435053250572
t,1435053250698
.,1435053250858
*ENTER*,1435053251208
I,1435053337913
n,1435053338042
d,1435053338505
e,1435053338697
e,1435053338889
d,1435053339113
.,1435053339177
*SPACE*,1435053339642
I,1435053343689
t,1435053343929
*SPACE*,1435053344089
a,1435053344537
l,1435053344706
s,1435053345321
o,1435053345657
*SPACE*,1435053345833
*BS*,1435053350409
*BS*,1435053350440
*BS*,1435053350553
*BS*,1435053350600
*BS*,1435053350697
*BS*,1435053350760
*BS*,1435053350857
*BS*,1435053350920
*BS*,1435053351018
*BS*,1435053351064
*BS*,1435053351161
*BS*,1435053351208
*BS*,1435053351497
*BS*,1435053351512
t,1435053352201
',1435053352425
s,1435053352537
*SPACE*,1435053352649
a,1435053352841
l,1435053353033
s,1435053353193
o,1435053353321
*SPACE*,1435053353433
n,1435053353673
t,1435053353961
o,1435053354028
*BS*,1435053354330
*BS*,1435053354376
*BS*,1435053354474
*BS*,1435053354536
o,1435053354696
t,1435053354746
*SPACE*,1435053354828
g,1435053355481
o,1435053355577
o,1435053355721
d,1435053355801
*SPACE*,1435053355930
t,1435053356205
o,1435053356313
*SPACE*,1435053356393
d,1435053357065
r,1435053357241
i,1435053357417
n,1435053357514
k,1435053357673
*SPACE*,1435053357769
a,1435053359897
l,1435053360073
c,1435053360361
o,1435053360523
h,1435053361401
o,1435053361481
l,1435053361657
*SPACE*,1435053361913
i,1435053362089
n,1435053362233
*SPACE*,1435053362265
c,1435053362731
o,1435053362905
*BS*,1435053363257
*BS*,1435053363297
*BS*,1435053363401
*BS*,1435053363421
c,1435053363945
o,1435053364057
*BS*,1435053364601
*BS*,1435053364620
*BS*,1435053364713
*BS*,1435053364776
t,1435053365033
h,1435053365100
e,1435053365193
*SPACE*,1435053365289
l,1435053368057
o,1435053368249
w,1435053368377
*SPACE*,1435053368825
t,1435053369321
e,1435053369481
r,1435053369593
*BS*,1435053369993
*BS*,1435053370056
o,1435053370217
p,1435053370222
*BS*,1435053370601
*BS*,1435053370696
*BS*,1435053370809
*BS*,1435053370856
m,1435053371081
p,1435053371273
e,1435053371401
r,1435053371465
a,1435053372009
t,1435053372201
u,1435053373113
r,1435053373321
e,1435053374137
s,1435053374345
",",1435053374985
*SPACE*,1435053375193
*BS*,1435053375769
*BS*,1435053375832
*BS*,1435053375913
*BS*,1435053375960
.,1435053376121
*SPACE*,1435053376345
*SPACE*,1435053376457
B,1435053376873
e,1435053377065
s,1435053377257
t,1435053377465
*SPACE*,1435053377580
l,1435053377849
e,1435053377929
t,1435053378137
,1435053378489
f,1435053378521
*BS*,1435053378537
t,1435053378761
*SPACE*,1435053379401
b,1435053379770
e,1435053379865
h,1435053380265
i,1435053380345
n,1435053380457
d,1435053380633
.,1435053380788
*ENTER*,1435053381400
C,1435053399642
o,1435053399737
m,1435053399802
p,1435053400012
a,1435053400138
s,1435053400473
s,1435053400649
.,1435053400953
*SPACE*,1435053401193
*SPACE*,1435053401322
D,1435053403178
e,1435053403353
f,1435053404410
i,1435053404602
i,1435053404921
*BS*,1435053405673
*BS*,1435053405784
n,1435053405945
i,1435053406061
t,1435053407833
e,1435053407898
l,1435053408297
y,1435053408457
.,1435053408747
*ENTER*,1435053409320
Y,1435053424457
e,1435053424729
s,1435053425033
p,1435053425241
*BS*,1435053425544
*BS*,1435053425576
*BS*,1435053425689
*BS*,1435053425705
s,1435053426105
",",1435053426489
*SPACE*,1435053426793
l,1435053427001
e,1435053427129
t,1435053427241
e,1435053427497
*BS*,1435053427785
*BS*,1435053427848
',1435053428185
t,1435053428297
*SPACE*,1435053428585
*BS*,1435053428857
*BS*,1435053428904
*BS*,1435053429001
*BS*,1435053429064
s,1435053429081
*SPACE*,1435053429225
t,1435053429657
a,1435053429817
k,1435053429945
*SPACE*,1435053430137
*BS*,1435053430393
*BS*,1435053430456
e,1435053430537
*SPACE*,1435053430697
i,1435053430841
t,1435053431001
.,1435053431129
*ENTER*,1435053431448
O,1435053437049
K,1435053437209
.,1435053438067
*SPACE*,1435053438313
*SPACE*,1435053438425
W,1435053438649
e,1435053438713
',1435053438921
r,1435053439129
e,1435053439177
*SPACE*,1435053439449
d,1435053439785
o,1435053439884
n,1435053440057
e,1435053440217
/,1435053440393
*BS*,1435053440857
*BS*,1435053440936
!,1435053441177
*ENTER*,1435053441416
W,1435053484441
e,1435053484521
;,1435053484793
*BS*,1435053485113
*BS*,1435053485159
l,1435053485321
l,1435053485497
*SPACE*,1435053485673
t,1435053486073
h,1435053486681
',1435053487081
*BS*,1435053487401
*BS*,1435053487487
e,1435053487609
y,1435053487913
',1435053488009
r,1435053488169
e,1435053488217
*SPACE*,1435053488281
m,1435053488745
o,1435053488873
s,1435053488969
t,1435053489192
l,1435053489561
y,1435053489769
*SPACE*,1435053489913
s,1435053490217
m,1435053490441
a,1435053490665
l,1435053490809
l,1435053490953
",",1435053491257
*SPACE*,1435053491432
e,1435053491817
x,1435053492217
e,1435053492761
*BS*,1435053493113
*BS*,1435053493175
c,1435053493208
e,1435053493465
p,1435053493625
t,1435053493945
*SPACE*,1435053494089
f,1435053494937
o,1435053495036
r,1435053495128
*SPACE*,1435053495177
t,1435053495336
h,1435053495417
e,1435053495454
*SPACE*,1435053495513
c,1435053495913
a,1435053496008
n,1435053496152
v,1435053496697
s,1435053496905
*BS*,1435053497321
*BS*,1435053497383
a,1435053497482
s,1435053497545
.,1435053497705
*SPACE*,1435053498025
*SPACE*,1435053498153
*BS*,1435053501465
*BS*,1435053501511
*BS*,1435053501593
*BS*,1435053501655
*BS*,1435053501737
*BS*,1435053501815
*SPACE*,1435053501865
a,1435053502057
n,1435053502155
d,1435053502265
*SPACE*,1435053502347
t,1435053502504
h,1435053502552
a,1435053502697
t,1435053502793
',1435053502904
s,1435053503737
*SPACE*,1435053503865
b,1435053504056
e,1435053504155
e,1435053504329
n,1435053504424
*SPACE*,1435053504552
l,1435053504792
e,1435053504920
f,1435053505112
t,1435053505417
*SPACE*,1435053505545
b,1435053505977
e,1435053506072
d,1435053506761
i,1435053506858
n,1435053506969
g,1435053507144
*BS*,1435053507304
*BS*,1435053507367
*BS*,1435053507464
*BS*,1435053507496
*BS*,1435053507609
*BS*,1435053507655
*BS*,1435053507753
*BS*,1435053507799
h,1435053508296
i,1435053508392
n,1435053508489
d,1435053508633
.,1435053508760
*ENTER*,1435053510423
I,1435053511560
',1435053511887
m,1435053512233
*SPACE*,1435053512377
s,1435053512968
u,1435053513144
r,1435053513336
e,1435053513417
*SPACE*,1435053513531
t,1435053513640
h,1435053513705
e,1435053513736
*SPACE*,1435053513851
*BS*,1435053515038
*BS*,1435053515095
*BS*,1435053515208
*BS*,1435053515255
*BS*,1435053515352
*BS*,1435053515415
*BS*,1435053515513
*BS*,1435053515575
*BS*,1435053515673
*BS*,1435053515735
*BS*,1435053515801
*BS*,1435053515911
*BS*,1435053516009
*BS*,1435053516056
*BS*,1435053516168
*BS*,1435053516215
*BS*,1435053516344
*BS*,1435053516375
*BS*,1435053516472
*BS*,1435053516535
*BS*,1435053516648
*BS*,1435053516711
*BS*,1435053516808
*BS*,1435053516855
*BS*,1435053516969
*BS*,1435053516999
O,1435053521081
h,1435053521385
*SPACE*,1435053521818
w,1435053522009
e,1435053522109
l,1435053522281
;,1435053522286
*BS*,1435053522633
*BS*,1435053522680
*BS*,1435053523208
*BS*,1435053523255
*BS*,1435053523352
*BS*,1435053523415
*BS*,1435053523528
*BS*,1435053523575
*BS*,1435053523688
*BS*,1435053523735
*BS*,1435053523850
*BS*,1435053523896
h,1435053525272
*SPACE*,1435053525432
w,1435053525656
e,1435053525752
l,1435053525928
l,1435053526329
",",1435053526584
*SPACE*,1435053526744
t,1435053526985
h,1435053527100
e,1435053527144
u,1435053527368
y,1435053527373
*BS*,1435053527768
*BS*,1435053527831
*BS*,1435053527913
*BS*,1435053527975
y,1435053528200
',1435053528456
v,1435053528552
e,1435053528616
*SPACE*,1435053528696
g,1435053529272
o,1435053529384
t,1435053529560
*SPACE*,1435053529656
t,1435053529800
h,1435053529848
e,1435053529915
*SPACE*,1435053529960
g,1435053530472
h,1435053530476
u,1435053530600
n,1435053530681
*BS*,1435053530985
*BS*,1435053531031
*BS*,1435053531129
*BS*,1435053531191
*BS*,1435053531273
*BS*,1435053531335
u,1435053531544
i,1435053531557
n,1435053531627
g,1435053531704
*BS*,1435053531976
*BS*,1435053532039
*BS*,1435053532136
*BS*,1435053532183
*BS*,1435053532264
*BS*,1435053532311
n,1435053532504
*SPACE*,1435053533144
:,1435053534120
-,1435053534312
),1435053534488
*ENTER*,1435053534759
C,1435053538120
h,1435053538219
e,1435053538392
e,1435053538552
s,1435053538699
*BS*,1435053539080
*BS*,1435053539141
r,1435053539192
s,1435053539400
*ENTER*,1435053544871
D,1435053561897
o,1435053562018
n,1435053562200
e,1435053562249
*ENTER*,1435053563079
